RegionID,SizeRank,RegionName,RegionType,StateName,2018-03-31,2018-04-30,2018-05-31,2018-06-30,2018-07-31,2018-08-31,2018-09-30,2018-10-31,2018-11-30,2018-12-31,2019-01-31,2019-02-28,2019-03-31,2019-04-30,2019-05-31,2019-06-30,2019-07-31,2019-08-31,2019-09-30,2019-10-31,2019-11-30,2019-12-31,2020-01-31,2020-02-29,2020-03-31,2020-04-30,2020-05-31,2020-06-30,2020-07-31,2020-08-31,2020-09-30,2020-10-31,2020-11-30,2020-12-31,2021-01-31,2021-02-28,2021-03-31,2021-04-30,2021-05-31,2021-06-30,2021-07-31
102001,0,United States,Country,"",13106.9871,13521.1971,13785.1816,13706.2551,13263.0358,12631.1446,12400.0477,12377.683,12321.2041,11916.5908,11856.7905,12080.9557,12604.8312,12999.0384,13342.1517,13414.7735,13079.3156,12533.6965,12329.9779,12137.4908,11958.1191,11330.8707,11360.9734,12428.7815,13223.0015,12876.103,12027.6689,12135.6708,13293.2663,14175.8242,14901.7361,15148.7375,15085.2362,14599.0355,14783.6451,15773.4266,17483.6411,19433.9588,21003.8028,21657.5581,20856.5131
394913,1,"New York, NY",Msa,NY,34690.8631,35566.4142,35637.8711,33482.9591,30916.0348,27817.0525,28308.9299,28717.9658,30043.8376,28850.7834,29465.8784,29326.3461,30153.5134,30331.3591,30422.8967,29853.0126,28060.9819,26157.0304,27037.27,27911.6324,29265.0518,27756.3733,27970.364,29409.4335,30054.0025,28212.8274,26065.7787,25898.2605,27975.6511,29784.8995,32715.7409,33974.5296,35072.2532,34058.2555,34408.9893,36365.1672,38275.8435,40496.6591,40670.8822,39869.9083,37088.4134
753899,2,"Los Angeles-Long Beach-Anaheim, CA",Msa,CA,38126.9206,37297.5296,37641.6796,36636.668,34821.289,32186.5676,30841.2979,30619.1934,31004.8947,30272.7882,30082.0999,30256.5691,31768.8505,32541.1416,33927.8918,34265.8082,34528.7234,33832.7715,34034.803,34351.1943,35606.1007,34440.4708,35554.2999,40064.1484,43863.8291,41202.276,35552.5707,34352.8727,38555.7908,43514.9601,45961.7272,45802.107,44984.183,43909.6741,46488.972,48473.2696,54058.3332,57890.9328,61513.257,61944.0974,60135.4218
394463,3,"Chicago, IL",Msa,IL,11288.0841,12082.9607,12321.8031,12200.3315,11572.8435,10764.0162,10372.9003,10119.7447,9801.3729,9132.466,9326.3611,9861.2893,10706.694,11155.9104,11659.1022,11794.5469,11339.0447,10478.9326,10157.9349,9936.8319,9681.8091,8864.3853,8755.3369,9826.1382,10754.5102,10756.508,9976.1564,10130.5368,10909.1476,11473.8306,11565.1412,11241.8965,10645.4726,10065.0284,10186.9949,11144.1874,12639.766,14011.7099,14997.6101,15125.9016,14467.1149
394514,4,"Dallas-Fort Worth, TX",Msa,TX,11348.3195,11709.9662,11803.1789,11333.7169,10577.0671,9521.3221,9205.9568,9200.4602,9373.0171,9139.1677,8876.8646,9068.5004,9591.636,10178.0855,10281.0333,10024.7498,9491.4889,9190.3116,9134.1651,9115.6875,8954.3268,8496.9482,8326.7383,8581.3289,9153.6533,8990.8771,8783.8254,8928.0474,9673.9274,10066.3706,10290.3553,10891.6938,11166.425,11408.8709,11401.203,12186.0,13407.0576,14944.0878,16692.6831,17469.8674,16791.9758
394974,5,"Philadelphia, PA",Msa,PA,10431.1708,10595.6527,11304.6748,11840.246,11953.5744,11129.916,10851.9209,10939.9127,10900.6379,10460.7824,10178.4666,10155.5647,10337.3867,10867.6495,11638.245,11989.5845,11596.3394,11004.9673,10828.8232,10950.7784,10842.1487,10241.9789,10322.9132,11612.4982,12394.0762,12368.6418,11157.9423,11358.2956,12156.2634,13041.7034,13481.5769,13332.8081,13180.1058,12993.7146,12867.9245,12996.9547,13150.1434,14143.0599,15303.0346,15998.0431,15587.1904
394692,6,"Houston, TX",Msa,TX,12951.9029,12995.7075,12980.7122,12694.4302,12195.5054,11645.8381,11622.381,11590.4793,11730.2992,11319.9005,11425.6813,11423.2177,11626.346,11901.1541,11953.1194,11899.7364,11127.6696,10643.5499,10152.5986,9958.0363,10010.5019,9857.2619,9888.4362,10538.532,11116.3785,11416.5979,10860.9277,11046.3928,11327.1977,11483.7458,11616.693,11944.7471,12189.2373,12122.4246,12067.284,12275.0673,13151.7738,14206.38,15846.2791,16775.3216,16419.124
395209,7,"Washington, DC",Msa,DC,16641.4957,16454.822,16651.6129,16292.3414,15587.7435,14371.9668,14157.2588,14431.9965,15001.6729,14826.5867,14887.7704,15388.437,16318.8231,16979.1825,17106.2743,16606.3597,15823.9953,14784.3734,14771.9151,15266.227,15618.3567,15340.8132,15990.6172,18122.6842,19446.7948,18614.058,16792.6498,16780.8572,18355.3736,19770.7084,19975.6378,18687.3909,17390.1379,16341.1681,17408.854,18603.9413,19733.822,21092.7914,21701.2887,22102.6111,20278.2336
394856,8,"Miami-Fort Lauderdale, FL",Msa,FL,22057.1686,21532.4392,21250.8251,20357.9147,18955.658,17605.5619,17044.9313,17495.4718,18246.9886,19274.5632,20044.9118,20611.2973,20208.9552,19680.5533,19112.1589,18507.0009,18126.5363,17323.7825,17712.3874,17755.1517,18979.1966,19732.3141,20984.7617,22843.6222,23225.9111,21695.4169,19545.8325,18639.611,18983.1439,19227.1281,19328.5044,19725.2111,19258.7445,19612.5642,21196.1558,21688.4465,22586.531,22545.6033,24542.9871,26076.526,26331.9187
394347,9,"Atlanta, GA",Msa,GA,11701.3908,11827.3221,12097.9209,11786.0701,11296.5201,10672.8245,10108.165,9915.7285,9541.1631,9025.0522,8733.7187,8898.754,9274.3938,9535.0847,9733.8372,9781.3284,9768.8653,9460.9601,9180.877,8795.6415,8348.719,8027.9505,8034.7426,8925.3671,9748.7303,9969.2906,9723.0786,9727.203,10391.2975,10710.8027,11084.0562,11263.4352,11843.3455,11700.4624,12042.6035,12613.0333,14152.2975,15465.5562,16773.9833,17785.5653,17611.1613
394404,10,"Boston, MA",Msa,MA,22713.3308,25018.9858,26844.1274,25838.1647,23730.6573,20888.588,20029.7899,20040.7544,19635.3789,18466.1791,18290.2544,19093.0846,21294.3584,23449.2821,25368.8766,25794.7902,24315.16,22225.8158,21664.4787,21768.7528,21748.8792,19893.8146,19676.7529,21958.0206,23953.5039,23894.7777,23135.051,24520.2195,26708.0636,27586.4565,28003.035,27594.6869,27152.2628,25143.0312,26011.4798,26837.292,31129.0312,33442.2871,36135.3784,36024.1767,35202.6627
395057,11,"San Francisco, CA",Msa,CA,44143.0841,49915.1124,52605.9893,52475.6532,47985.1275,41047.0918,36073.8143,35517.3176,35653.135,33175.0066,30339.8934,29150.4936,31453.0433,33320.473,36335.5056,36713.2813,35476.9456,32412.2274,32666.9879,34143.7321,35252.4659,31792.803,30520.0937,33707.1635,40043.3096,39713.5525,38389.2939,38402.5062,44134.3885,46629.6815,49536.409,50890.3942,52742.4913,48319.0362,47994.6853,52881.4439,60744.6392,69710.9512,72426.8017,75070.8893,67394.8487
394532,12,"Detroit, MI",Msa,MI,10039.1002,10618.02,11456.2182,11748.8485,11872.6506,11138.4501,10442.0013,9628.7372,9089.3585,8544.4076,8427.4798,8564.695,9266.0773,9927.7196,10713.8086,11116.0945,11024.5092,10474.1249,9884.1984,9463.6081,8990.3703,8373.2475,8071.3068,8474.5354,8965.475,9595.299,9902.4546,10591.582,11112.1613,11669.0388,11648.2154,11412.661,10899.948,10688.5112,10844.056,11956.7448,13281.6235,15327.9075,16090.6764,16791.0594,16187.3683
395025,13,"Riverside, CA",Msa,CA,14904.8435,14663.3479,13748.8027,12739.5005,11747.2663,11438.115,11217.4015,11050.6013,11118.0341,11595.145,12267.5729,12969.2856,13376.9914,13131.4556,12869.5914,12240.8674,11885.9127,11445.2888,11145.0106,10979.3856,10886.8752,11186.3607,12017.1747,13772.8391,15010.3432,15057.7576,13821.9044,13423.1104,14028.2874,15308.8241,16248.8843,17289.912,18007.8115,18565.0088,19835.4819,21273.8434,24662.8591,26217.3263,28897.7833,27448.521,26022.8906
394976,14,"Phoenix, AZ",Msa,AZ,9133.0597,9075.1374,8527.6654,7670.7927,7032.0086,6632.8431,6563.0682,6685.8172,6681.8122,6367.0566,6408.1342,6668.6086,7350.9058,7550.9394,7620.6174,7427.5469,7171.2252,7078.6316,7284.001,7497.8774,7647.4171,7410.6329,7920.0542,9786.2069,11129.2446,10605.7428,8970.3066,8835.9925,10287.801,11276.8769,11491.955,11280.5748,11433.4982,11753.7506,13126.0311,14807.683,17301.9165,19119.6723,21205.3639,21627.758,20080.921
395078,15,"Seattle, WA",Msa,WA,24063.7965,27328.0637,29181.8421,29307.289,25774.309,22527.8941,21167.3488,20781.8612,20704.6536,20158.8539,19830.3003,20868.8304,22255.4074,23587.3314,23994.8043,24042.3587,22903.9401,21729.6626,20854.426,21048.6077,20797.0184,19858.9626,21306.458,24077.4344,27456.3578,26387.0057,24850.1469,23625.0405,24783.7828,25211.5327,26376.6212,26446.3716,27017.9841,25337.7847,26818.4794,28956.1209,30787.6602,32613.1887,33744.9791,35966.996,33928.011
394865,16,"Minneapolis-St Paul, MN",Msa,MN,13266.628,13726.9034,13803.1282,13547.7966,13031.2038,12307.8873,11775.0438,11411.6611,10932.3356,10060.6161,9841.6281,10473.693,11585.9987,12452.3349,12712.0562,12761.3168,12539.5936,11944.609,11345.1409,10331.8395,9440.7685,8572.7747,8519.2137,9819.2933,11177.7456,11679.0477,11414.5245,11826.7768,12894.5696,13650.9497,13535.774,12798.365,12036.1422,10975.3357,10678.2463,11446.3481,13279.8161,15206.0219,16353.3802,16937.1544,16453.226
395056,17,"San Diego, CA",Msa,CA,25028.727,24984.6247,25135.2973,24822.0772,23974.298,23146.6068,21744.8008,21041.7155,20501.0291,20524.1741,20651.2439,21000.8432,21966.1777,22385.358,22628.9139,22587.9686,22600.6815,22530.6926,22564.6381,22704.0612,23055.8839,23572.7195,24376.4007,27098.7539,28312.4893,26996.6051,24320.437,23568.2204,27383.0997,29014.6511,32099.5842,31816.937,32269.6616,30008.5036,31558.9205,37009.3782,43690.7865,47228.2853,48363.9639,47081.2027,43076.4362
395121,18,"St. Louis, MO",Msa,MO,8186.1022,8810.4896,9142.9841,9305.529,9194.8223,9040.7569,8748.4719,8518.7778,8343.9582,8019.0506,7920.3916,7986.8469,8671.375,9271.7438,9777.917,9892.9856,9811.072,9763.341,9444.3402,9084.6369,8621.7591,8211.923,8135.7467,8372.6296,8869.0086,8898.946,9033.6889,9477.7719,10503.7326,10985.7212,11114.4014,10601.0977,10201.22,9524.4553,9590.3972,9525.0333,10859.5783,12099.7161,13448.8772,13614.7975,13426.0955
395148,19,"Tampa, FL",Msa,FL,8671.7241,8717.6139,8776.2326,8889.4562,8752.7489,8423.8095,8062.9962,7957.4668,7963.914,7912.0599,7752.6937,7662.4139,7789.9128,8066.9823,8287.1148,8303.0462,8225.8207,8128.0914,8135.1402,8018.9023,7842.1933,7564.1691,7555.7249,8161.1402,8546.3893,8595.6123,8014.024,7940.1262,8307.1463,8725.4864,9168.3256,9339.51,9327.8593,9267.592,9490.8616,10358.2909,11481.2538,13061.8952,14404.2929,15672.763,15353.8932
394358,20,"Baltimore, MD",Msa,MD,11023.1283,11485.0593,11978.9441,12217.5889,12183.36,11861.5294,11695.1334,11572.6566,11428.1862,10836.1443,10562.9077,10604.0482,11146.9558,11619.7798,12250.8289,12555.654,12554.5836,12165.8219,11937.2991,11599.9086,11020.0959,10490.6358,10192.8319,11050.3078,11646.258,12150.2291,11957.2768,12287.9771,13010.5833,13520.4124,13756.08,13693.2351,13319.0545,12817.2408,12773.7778,13456.9329,14406.2387,15514.6044,16591.3864,17347.1297,16727.1419
394530,21,"Denver, CO",Msa,CO,14202.4106,14420.74,14303.1831,14187.9602,13510.1727,12817.8825,12335.856,11972.0548,11502.6103,10694.2259,10597.8196,10952.9769,11909.4815,12088.1712,12166.4605,11908.2586,11634.3911,11229.5928,10869.2077,10426.7032,10206.9756,9995.4417,10552.5182,11861.4099,13191.6915,13326.6999,12575.7365,12155.4844,12980.6316,13695.5126,14575.8459,14796.2357,14807.2762,14592.5309,15131.5289,17734.8888,20883.43,26143.6954,27932.3412,27659.801,23277.3587
394982,22,"Pittsburgh, PA",Msa,PA,8731.0921,9449.4054,9786.0727,9979.971,9542.1256,9293.7244,8946.0859,8785.646,8409.8261,8270.1983,8208.0237,8726.5796,9146.6702,9489.4063,9577.9594,9711.4652,9807.3201,9728.7232,9592.0849,9227.3205,8898.848,8438.9269,8533.2706,9541.0397,11038.4171,11285.0238,11242.6077,10593.6951,10935.9462,10770.0385,10553.6657,10633.0807,10114.7141,9662.6968,9434.1872,9874.3977,11729.8596,13451.2689,14620.4368,14632.2087,13762.8733
394998,23,"Portland, OR",Msa,OR,14656.2755,14999.0493,15039.8572,14951.9802,14718.4158,14274.0543,14049.7768,13661.7483,13367.9883,12688.7071,12527.9455,12474.6255,13185.3462,13585.4435,14119.5841,14078.8237,13787.4132,13096.2689,12902.9357,12621.7234,12535.5779,11652.7857,12181.1159,13470.2559,15505.6849,15288.2803,14721.247,14288.8317,15668.0389,16768.4611,17587.1566,17386.546,17316.4928,17478.4115,18407.6312,19140.0479,20533.6946,21556.2635,23541.7748,24291.1073,24327.0439
394458,24,"Charlotte, NC",Msa,NC,11137.5169,11609.5637,11694.2239,11529.0276,11129.7761,10446.7405,10021.7199,9965.9064,9419.2472,8431.8853,7741.0225,8143.213,9159.9273,9906.7648,10212.5697,10164.0042,9609.7525,8955.5536,8448.4608,8309.95,8045.8184,7830.8499,7708.9969,8676.0015,9365.6792,9375.4044,9214.9266,9756.7622,10975.0383,11779.4149,12215.578,12202.619,11818.6573,11346.8689,11637.8456,12810.282,14609.0943,17019.2688,18753.8513,19800.6355,18387.3793
395045,25,"Sacramento, CA",Msa,CA,14629.4323,14436.6294,14346.048,14263.6678,14364.3626,14267.409,14107.8415,13739.7976,13404.0315,13374.4049,12896.4684,12468.8729,12337.0159,13086.3938,13700.1298,14217.725,14471.5132,14895.1191,14785.2668,14289.6352,13368.5847,13142.5055,13389.4308,14902.8855,15768.0403,15587.6815,14492.1886,13648.8262,14740.0937,15787.7517,17916.3133,19810.2677,21260.5942,21423.0597,21741.9085,23303.8176,24508.4158,27647.6479,32103.1562,36435.4429,35818.8244
395055,26,"San Antonio, TX",Msa,TX,8339.214,8667.9637,8627.2436,8549.8537,8360.2417,8291.5123,8156.3641,7731.0089,7360.3537,6980.8046,6859.1961,6841.081,7256.4258,7532.9936,8060.1422,8156.3109,8192.4666,7880.3307,7589.0529,7259.6871,7138.5728,6906.9343,7162.4621,7642.8018,8206.4294,8166.5577,7870.9323,7830.2343,8064.4527,8263.6559,8392.6394,8674.6769,9046.9883,8912.7686,8502.1051,8476.703,8936.3938,10893.6708,12690.4086,13683.9223,13648.1586
394943,27,"Orlando, FL",Msa,FL,10286.1776,10517.9003,10587.9124,10493.4331,10159.8371,9611.3697,9134.2263,8888.5161,8762.9369,8621.1831,8524.6074,8814.8581,9079.6683,9316.4613,9380.4498,9570.5813,9310.9656,9367.1742,9201.4458,9267.2734,8751.9873,8355.3192,8185.5386,8979.504,9691.5725,9685.146,9055.5943,8687.3838,8848.9436,9291.6549,9351.9532,9447.7043,9496.0256,9438.1454,9575.5578,9887.8351,10493.5651,12038.508,13761.3979,15086.0024,15090.5977
394466,28,"Cincinnati, OH",Msa,OH,8860.6044,9461.3021,9906.6949,10273.8261,10220.8035,9866.7484,9379.4033,9138.0261,8701.8565,8386.0738,7982.4476,8182.1861,8974.7337,9890.2638,10461.1828,10564.0736,10440.5335,10260.02,9767.6584,9313.004,8963.4726,8752.0253,8632.9933,9304.1628,10014.5813,10275.6528,9997.2525,9847.403,10654.9875,10965.9931,11605.4272,11309.8252,11007.6504,10097.8684,9957.6271,10156.6264,11067.0353,12835.7611,14652.8407,15886.6749,15459.5022
394475,29,"Cleveland, OH",Msa,OH,8928.2467,9098.401,9556.2661,9779.3271,9959.3718,9614.7015,9254.1693,8806.3107,8473.8223,8236.4067,8528.2916,8947.0084,9499.0834,9725.2555,9954.7518,10100.2544,9878.537,9595.5114,9189.8381,8929.2008,8579.2696,8343.9386,8499.3538,9091.974,9495.4585,9516.3796,9618.0426,10003.9168,10445.6029,10442.5304,10284.9519,10041.4665,9602.1634,9152.0684,9060.9111,9884.2953,10952.7472,12427.9902,13457.7095,13783.5187,13373.0417
394735,30,"Kansas City, MO",Msa,MO,9422.3062,9698.2342,10292.4573,10712.763,10510.3406,9982.4567,9418.8405,9077.5716,8754.2857,8500.4371,8632.1074,9048.538,9380.259,9606.6585,9992.8226,10149.3412,10090.136,9654.4815,9456.1224,9160.5623,9042.576,8739.1402,8796.1122,9178.1929,9807.0912,9694.603,9640.4587,9927.605,10868.455,11540.07,11582.5576,11393.1496,10767.5945,10433.6192,11098.146,12102.5377,14790.5246,16709.0784,18155.9944,17703.8454,16526.0505
394775,31,"Las Vegas, NV",Msa,NV,10007.5194,10017.0306,10062.626,9913.007,9555.9067,9034.0462,8427.263,7945.7295,7207.6781,6651.1443,6316.4934,6141.8415,6214.5638,6298.2877,6493.7739,6660.2151,6760.2631,6852.0787,7036.6877,7123.612,7223.2968,6730.2217,6480.0429,7448.7622,8819.9483,9152.8927,8296.5439,7373.236,7786.4589,8155.7541,8662.5129,8584.9521,8702.5731,8678.0109,8791.9579,9930.6167,12155.922,14113.1628,16389.9826,17203.7748,18081.0292
394492,32,"Columbus, OH",Msa,OH,8730.6758,9333.3644,9628.6817,9904.6701,9678.7359,9212.6338,8564.9612,8098.3253,7767.9867,7411.9332,7422.0276,7788.8069,8275.4682,8865.546,9318.4419,9770.586,9553.1779,9274.6918,8677.0674,8236.5775,7580.8944,7165.4337,7225.4163,7991.1108,8588.4385,8758.2926,8482.1058,8926.3045,9140.0841,9734.7784,9610.4166,9833.769,9509.4631,9192.3605,8788.6237,9838.8437,10999.4228,12584.5833,12396.385,12415.0089,11959.973
394705,33,"Indianapolis, IN",Msa,IN,8391.7311,8436.8803,8767.3386,9062.6752,9135.3058,8826.1585,8568.7293,8150.4103,7766.0319,7485.3515,7285.111,7379.3335,7918.7743,8652.6718,9486.886,9423.8684,9135.9585,8522.7944,8312.1854,7991.5664,7643.5779,7139.8656,7169.5116,7750.6773,8513.4908,8626.2509,8531.7902,8753.1327,9285.6674,9727.3907,9574.5465,9424.0156,9194.9263,8825.1522,8718.6378,8777.1232,9779.9537,11066.8035,12372.8947,13341.7103,13489.7645
395059,34,"San Jose, CA",Msa,CA,"",78364.3451,77798.4233,78213.1768,67876.9414,61273.6662,55742.6343,56405.097,55778.72,48638.2525,42494.2799,38663.1113,42828.5059,50259.1335,54770.3234,54716.1582,49276.9245,47035.76,45533.4846,47523.5127,46941.525,43122.7351,39423.6604,37015.3713,43844.1442,43052.201,47410.3441,46342.3577,52531.1892,56208.3649,57583.9034,61358.422,59938.4947,63540.9572,60545.3216,65597.7837,65161.6522,69066.2018,70953.284,75383.784,76506.8178
394355,35,"Austin, TX",Msa,TX,11445.5127,11780.49,11246.7695,11034.8329,10676.7217,10381.3544,10409.3688,10111.0325,10003.2804,9016.1196,8701.2605,8749.8893,9542.5218,10052.6906,10516.2375,10613.5007,10643.4909,10150.2752,10093.9964,9338.8588,9137.9978,8539.1272,8819.71,9627.9018,11469.6746,11882.7362,11914.1638,11031.8148,12264.2573,13367.2762,14566.6176,14672.0155,15641.0831,17000.9023,19273.9792,23304.056,27086.0618,33073.6777,36545.2518,39168.9964,35644.1622
395194,36,"Virginia Beach, VA",Msa,VA,8462.765,8554.4931,8673.0548,8383.8038,8362.8853,8165.2598,8138.1941,8023.6607,7890.8964,7779.833,7777.1874,7944.5943,7971.4567,8200.4932,8503.1939,8754.6946,8626.1068,8223.5778,7823.9191,7373.5269,6986.0036,6660.8916,6799.1142,7581.4483,7878.8628,7644.2534,6961.5759,7155.4669,7784.8244,8510.8449,9119.823,9379.5298,9437.823,8729.3008,8484.6031,8787.3769,10073.1351,11437.6805,12101.3503,12058.645,11465.698
394902,37,"Nashville, TN",Msa,TN,10359.4133,10382.8008,10823.7263,11185.6763,11373.7597,10865.5958,10330.1098,9770.3072,9113.8305,8553.6406,8237.0633,8252.1466,8327.012,8865.5303,9438.5665,9820.12,9872.6186,9621.1869,9836.7909,9678.6949,9523.1709,8784.2405,8546.2215,9308.8121,9997.4498,9650.6039,8947.0243,8856.4578,9979.1268,11264.8013,12018.3377,12516.0448,12118.6817,12088.4882,12424.5493,13775.7968,14786.4182,17804.5659,19808.4942,22494.4393,21920.9873
395005,38,"Providence, RI",Msa,RI,12664.0346,14381.494,14637.9861,14992.6408,14455.6615,14650.2317,13818.6979,13528.4829,12544.7858,11924.2066,10810.3911,10980.9911,11570.4156,12545.2337,13446.1762,13956.6615,14445.7533,14606.3885,14476.926,13844.6219,12949.4519,11928.8399,11477.324,11874.7427,12789.6848,13501.4003,14013.5648,15609.7591,17853.6383,19916.2837,19922.7944,19343.6256,17526.7687,15489.6783,15217.3449,15938.1798,19065.2862,21867.8678,24614.091,27287.3868,27713.5507
394862,39,"Milwaukee, WI",Msa,WI,8520.902,9194.9449,9581.0736,10131.4199,10136.4605,10006.1189,9352.1786,8838.5002,8128.4601,7487.4076,7208.7715,7640.135,8591.6927,9218.7191,10076.2796,10168.9644,10343.9197,9549.2871,9148.4946,8567.3078,8002.2893,7450.239,7379.2105,8071.5447,9044.2353,9542.9925,10446.4236,10840.6219,11850.8839,11164.9156,10684.9758,9463.9923,8984.226,8229.0464,8550.483,8871.5607,10047.1391,11358.1001,12526.5518,13165.7794,12381.2504
394714,40,"Jacksonville, FL",Msa,FL,8972.9263,9014.503,8882.3649,9278.8371,9023.6167,8697.9128,8075.3244,7979.7933,7755.2251,7918.2776,8160.7056,8384.4021,8433.1138,8394.8463,8743.6705,8855.949,8675.9006,8007.0532,7584.5515,7142.1728,7238.4341,7260.5876,7424.3495,7773.0379,7873.0053,7395.1565,6809.8461,6949.0505,7692.9673,8272.9273,8740.4468,8876.3582,8545.2079,7995.5845,7880.4269,9218.0829,11177.2421,13282.95,14650.4074,15873.6847,16034.6413
394849,41,"Memphis, TN",Msa,TN,7130.2087,7126.2943,7339.6734,7531.1063,7782.8035,7811.8149,7895.9342,7721.749,8187.8166,7606.657,7467.8725,6982.1001,7790.7073,8552.0167,8911.2184,9189.9698,8945.126,8826.2833,8654.3662,8374.2086,8151.654,7627.7651,7674.4331,8496.5449,8997.2878,9062.0638,8760.6027,8983.6581,9442.6922,9450.5871,9558.8282,9547.7979,9490.9162,9376.7419,9398.5529,9952.1615,11196.9174,12026.0556,12613.3067,13080.2887,13440.9309
394935,42,"Oklahoma City, OK",Msa,OK,5574.1098,5867.2823,5995.7678,6186.1181,6101.4565,6112.2416,6075.0291,6173.6114,6067.9929,6002.5556,6120.5094,6149.4271,6328.1725,6289.8355,6490.9924,6530.3611,6459.8911,6436.321,6439.2844,6381.3951,6291.2642,5698.7266,5518.8385,5920.3832,6592.1972,6682.9404,6201.3184,6282.1478,6680.6797,7154.4556,7212.1243,7414.3381,7353.8294,7227.6547,7225.6434,7287.6462,8486.6584,9761.7986,11591.8476,12044.1227,12426.1479
394807,43,"Louisville-Jefferson County, KY",Msa,KY,7541.9706,7888.1926,8244.7207,8956.467,9180.8377,8940.0896,8611.2153,8233.7833,7948.0691,7713.6317,7592.0114,7590.3418,7939.1937,8536.1902,8909.2114,8964.4765,8623.2485,8341.5973,8001.114,7615.4526,7252.1008,6717.8343,6696.4023,7177.6952,7936.5656,8127.9153,8109.0611,8551.8678,9054.575,9448.976,9493.9278,9344.8817,8881.1363,8226.9577,8419.1974,8417.1944,8600.0108,9277.5664,10348.6338,11500.1659,11399.1887
394669,44,"Hartford, CT",Msa,CT,11135.2733,11433.383,11263.2325,10941.0713,10902.393,10685.5132,10671.0467,10423.9244,9967.4618,9939.8227,9829.871,9942.3447,10143.1822,10260.9149,10811.515,10865.2063,11192.5592,10964.1992,10897.903,10509.49,10078.0825,9668.7421,9512.3182,9933.2189,10213.5691,10255.616,10753.6436,11508.7986,12418.7335,12727.0989,12918.2197,13237.7929,13169.5115,12364.0479,11929.6617,12361.7424,13663.6921,15686.9866,16901.3469,18617.0457,17856.5046
395022,45,"Richmond, VA",Msa,VA,9133.9546,9255.104,9571.4183,9807.3255,9729.6674,9294.1291,9150.8947,9245.103,9274.5706,9194.1125,8835.2458,8819.1274,8783.4305,9301.3999,9668.5069,9830.3277,9395.0567,8981.1976,8581.7836,8415.3249,8287.9673,7815.8528,7986.6846,8173.7898,8779.8556,8687.454,8868.4007,9134.2045,9358.893,9301.7221,9561.9114,10134.7694,10330.7507,9912.249,9750.3812,10639.6295,10722.9829,11292.8479,11453.018,12656.7943,12440.9666
394910,46,"New Orleans, LA",Msa,LA,9512.726,9756.128,9837.3347,9869.2109,9648.5485,9927.5839,9630.234,9925.4568,9648.043,9175.231,8753.2455,8863.446,9348.2247,9949.6861,10071.0056,10478.4108,10219.0365,9766.7379,9385.5081,8867.13,8882.1871,8638.4174,8851.3969,9374.3304,9487.188,9110.5697,8439.8293,8758.6778,9457.999,10208.8318,10836.8189,11053.7345,11596.5545,10994.1657,11412.1572,11427.8514,12216.1281,12304.7953,13313.2159,13824.3705,14005.0654
394425,47,"Buffalo, NY",Msa,NY,9432.0135,9591.2412,10503.2033,10896.6251,10700.9496,10176.3802,9849.0047,9407.3888,9030.2117,8505.6871,8303.4189,8632.2521,9458.7209,9965.2595,10119.65,10324.1631,10714.6002,10881.0584,10640.9131,10262.7286,9405.3241,8874.0109,8940.1598,9476.1621,10261.0035,11053.4024,11069.1172,11029.9811,11377.6249,12005.4786,12296.5535,11612.7356,11058.9425,11112.2576,10805.234,11446.9801,11832.3074,13543.6082,14437.671,14521.042,14199.5235
395012,48,"Raleigh, NC",Msa,NC,8654.8994,8843.4894,9054.1527,8811.7498,8593.9601,8441.9019,8167.049,7799.9739,7046.7984,6292.1417,6279.5834,6441.0031,7163.9323,7621.8624,8065.7389,8201.8109,7807.3346,7461.6687,7219.1168,7162.9275,6859.5019,6327.9334,6133.6,6633.942,7402.9048,7547.3285,7732.2534,8055.6446,8822.7604,9036.6309,9464.6398,9736.6186,9873.0366,9679.6685,9449.6939,10399.5177,11851.1426,14995.1504,16849.7207,18004.5239,16920.3438
394388,49,"Birmingham, AL",Msa,AL,9282.9196,9839.4238,10513.839,10849.1904,10654.4419,10142.7811,10113.8861,9967.531,10029.0529,9554.4622,9812.3957,9956.7279,10898.2308,11377.1925,11641.8442,11314.3834,11046.7848,10287.7654,9990.069,9580.9795,9307.7156,8464.4565,8328.9477,8843.5951,9989.0252,10454.9862,10924.8421,11316.0862,11870.6141,11453.607,11326.1559,10316.2684,10369.1371,10417.8118,11273.2862,11612.8137,13096.8515,14768.1961,16519.6029,16492.3914,15901.7544
395053,50,"Salt Lake City, UT",Msa,UT,10345.5344,10777.4946,11269.9885,11485.2376,11160.6839,11061.1908,11098.1899,10691.8359,9823.97,9145.6199,8506.2559,8398.2221,8448.2767,9408.797,10033.8861,10748.1294,10537.3689,10584.1159,10195.2049,9633.9402,9092.7958,8441.8701,9033.5308,10366.1277,11742.4949,11657.1034,11048.8738,10558.219,11494.146,12709.6697,13408.7217,14256.9029,14476.7239,14536.2025,15459.4676,17682.5614,21979.6079,24984.5763,26285.7485,24745.2609,23126.7939
395031,51,"Rochester, NY",Msa,NY,8522.0898,9287.6083,9527.6603,9658.6699,10240.5432,10053.9747,9736.2304,8930.1351,8536.9389,8374.2607,8206.2815,8256.5209,9168.7691,10224.643,10957.0357,11170.2628,11030.377,10734.982,10833.2961,10255.8067,10138.7037,9213.6451,8704.3016,8979.8594,9651.5814,10412.4251,10476.8458,10522.2497,11530.4473,12225.6683,12108.7887,11148.8532,10394.5524,10201.2129,10447.4331,11033.2128,12655.3022,13490.0489,13741.7072,13394.6192,14281.078
394640,52,"Grand Rapids, MI",Msa,MI,9081.4835,9713.2648,9857.914,10298.5145,10644.7602,10409.3233,10012.797,9245.5643,8858.1527,8983.2769,8566.0176,8627.6306,8443.6018,9407.5704,10152.6816,10682.2901,10850.6873,11012.3159,10693.0831,9856.1016,8859.8939,8207.0794,8174.3621,8978.0631,9592.4,9509.9865,9420.6615,9979.7151,11245.5668,11785.1386,11991.9866,11576.0304,10969.902,10142.7327,10985.5618,11339.3983,13232.4966,13403.3055,16060.3121,17091.9493,18289.4203
395167,53,"Tucson, AZ",Msa,AZ,10021.5546,9947.4941,10052.3914,9117.2996,8511.676,8176.7803,8338.0096,8452.6731,8502.1504,9905.1352,10378.9755,10843.8861,9785.1211,9969.0574,9825.9025,9669.055,9116.8644,8927.2367,9082.6202,8846.2297,8624.4993,8513.1624,8638.9611,9526.1117,10167.7458,10175.3885,9698.8486,9582.5401,10332.5403,10198.2941,10571.218,10422.8178,10993.5901,10534.7468,11096.6444,12256.0666,13741.7608,14350.263,14891.2822,15718.8871,15621.1246
753924,54,"Urban Honolulu, HI",Msa,HI,32847.6776,29218.3669,27722.9845,29201.5477,28029.4683,26716.8132,26226.165,26533.1689,26972.9096,26524.468,27180.6413,26172.7723,26802.9944,26097.101,26133.7731,25871.2327,26095.6274,27687.3049,28193.0669,29823.0931,29814.7811,30516.0375,30700.1094,32027.9653,30280.2424,27780.9053,25218.289,24786.7574,24428.7011,25483.7548,27880.2909,29177.0632,33200.1236,31111.1949,34441.7795,31780.8161,34055.7917,32958.8862,34321.8197,36655.3867,38510.5186
395169,55,"Tulsa, OK",Msa,OK,6911.0728,7243.0254,7308.337,7125.3483,6975.4885,7036.7961,6823.9049,6582.2858,6390.7665,6514.4813,6964.9812,7302.1176,7642.154,7889.822,8162.6014,8464.2488,8236.7279,8121.3599,7912.9319,7880.2638,8074.5121,8017.6735,8435.8691,8736.5504,8803.4095,8505.0261,8498.8827,8956.2478,9264.9899,9270.5148,8959.5809,8957.8914,8654.6901,8793.4837,9453.2762,11731.9744,12944.8803,15040.311,14600.7653,15111.978,13828.3099
394619,56,"Fresno, CA",Msa,CA,10569.5471,10516.6045,11256.9137,10619.7127,10335.3764,9782.622,9854.4873,9858.8656,10044.293,9492.3214,9069.9771,8968.7591,9798.2824,10259.6924,10901.509,10775.6746,10818.688,10409.2465,10223.3521,9960.4522,9646.1524,9266.6363,9213.9458,9871.8852,10511.6003,10924.3325,10503.7971,10631.6814,11157.0734,12230.9618,12976.7992,13466.245,12608.1872,11941.8582,11986.1327,14413.9638,16840.5317,18605.8623,17950.8501,18589.85,18790.7799
395238,57,"Worcester, MA",Msa,MA,10150.1723,10573.7455,10918.299,11718.7837,11677.4045,11492.4089,11149.5145,11189.8111,10839.3341,10324.3378,9796.8616,9738.4014,10097.8738,10257.9192,10590.9611,10979.0474,11183.8476,11230.7162,10969.2321,10778.3009,10312.6964,9583.1701,9854.6971,10491.2803,11909.9261,12312.9092,12190.646,12158.4399,12797.3838,13801.2093,14615.6697,14929.2402,14381.8739,14354.2098,14743.243,16221.0121,16760.4492,16839.3766,18350.8768,18949.2797,19072.03
394415,58,"Stamford, CT",Msa,CT,35865.3667,38890.7675,40068.8879,39230.7561,34410.0943,31531.8157,31700.2182,32820.0404,32588.1259,29457.8001,32007.6541,37424.5008,41385.5606,42298.1136,39027.1593,38146.1568,35017.135,31716.3914,32689.4367,31318.3377,31564.0852,28049.4626,32305.497,37650.9234,39464.0718,34189.5706,31275.0376,32116.8156,35224.8749,36053.3734,39606.9086,42456.3696,42447.9836,37771.3181,39351.0185,46615.985,55521.1596,57545.6082,57329.1747,53844.8493,50987.0569
394312,59,"Albuquerque, NM",Msa,NM,6871.7345,7386.4534,7680.7889,7744.3382,7381.0073,6988.2366,6749.026,6802.4653,6863.2126,6560.961,6552.8607,6563.8711,6980.1041,7204.8331,7683.4101,7792.9771,7825.0007,7800.3116,8054.7914,8057.0899,7878.311,7622.6987,7731.4722,7866.7705,7898.566,7718.0726,7722.1376,8266.2885,8844.3672,9146.4137,9376.7549,9272.2112,9202.9689,9119.4586,9305.9819,9895.2195,10805.6903,11701.8047,13169.8102,13444.5376,13960.5808
394308,60,"Albany, NY",Msa,NY,9717.1934,10290.8644,10275.4303,10203.3068,10345.3421,10327.298,10193.9574,9838.9654,9365.4324,9065.8712,8655.6943,8938.6975,9278.9546,9746.6158,9719.5641,9906.1511,9765.7117,9890.6308,9405.5129,9194.6865,8591.2503,8132.0262,7973.9217,8356.5894,8870.2948,9200.3686,9234.0869,10001.1182,10537.4624,11337.4383,11108.89,10860.1802,10449.2916,10001.419,9638.2401,8842.4473,9700.5459,11088.2177,12956.8893,13953.711,13704.0198
394938,61,"Omaha, NE",Msa,NE,7986.865,8371.7498,8316.3666,8579.9531,8849.8081,8825.3846,8527.9336,8217.6468,7722.2125,7401.1498,6989.6259,7076.7221,7616.1987,8393.0788,8872.8017,8935.7868,8704.8022,8784.4574,8580.1763,8470.0528,7922.6009,7649.6388,7287.4729,7238.3952,7411.7014,7419.1063,7916.2155,8362.826,9428.6729,9952.9491,10276.8035,10132.6942,9982.3059,9865.2249,9369.8928,11322.9765,11660.6297,13545.5572,13045.2594,13856.9616,13432.5498
394908,62,"New Haven, CT",Msa,CT,11619.8567,11843.7534,12889.8631,13557.9751,12870.5878,12401.5276,12355.4465,12503.2491,12177.4556,11988.9526,12364.4217,11589.7709,11416.8205,11310.268,12516.2571,12718.3933,12193.2645,11831.786,12041.5853,12113.643,11524.9292,11349.676,11056.5991,12545.1217,12772.2129,12882.9628,11835.6336,12156.3323,12704.5775,14538.7891,15688.8037,16070.5731,14999.9844,14099.5622,15357.6534,15469.6787,16330.2503,19024.3332,23104.4573,24338.4766,22956.7571
394357,63,"Bakersfield, CA",Msa,CA,8368.8845,8343.7605,8562.2783,8741.196,8921.2062,8688.7559,8167.9531,7883.1916,7497.7288,7485.8214,7473.8522,7458.4621,7495.0139,8003.7054,8193.1988,8626.2795,8545.6458,8599.1705,8607.6366,8368.2866,8584.4019,8428.0311,8409.7424,8956.6139,8826.8805,8700.0839,7824.6429,8778.4476,9513.1831,10068.964,9829.2222,9998.4324,10125.2478,10054.5067,9362.9642,9981.3091,11065.1039,12665.4147,13782.9549,15192.4038,15264.5216
394753,64,"Knoxville, TN",Msa,TN,8856.8729,9413.1607,9749.4155,9916.9551,9660.2559,9249.5157,8846.5866,8670.3113,8804.976,9402.9169,9520.7628,9298.0339,8962.5404,9348.1127,9819.109,10298.5159,10050.0687,10431.4709,10174.0012,9914.0664,9472.6033,8719.458,8583.3561,8752.2743,9617.2779,9601.7985,9663.9485,9669.9583,10336.9484,10603.1163,10930.368,10880.7783,10474.616,9836.204,10287.4732,12404.3216,12856.2655,15048.0021,16601.9958,18403.775,17102.2568
394653,65,"Greenville, SC",Msa,SC,8477.1178,8641.922,8586.0445,8579.0328,8517.2119,8773.449,8615.3524,8939.4937,8489.5536,8172.3456,7632.4246,8071.786,8365.6573,9045.6541,9010.043,9308.1188,8666.9905,8040.3577,7546.7784,7351.3479,7218.1068,7185.8679,7055.7633,7599.6209,7696.3643,7982.9394,7696.001,7655.4994,7808.4861,8053.3254,8437.3019,8333.8427,8538.8694,8536.3558,8808.1021,8693.0788,9339.8001,10686.1301,11978.6819,12553.0526,12470.8434
394952,66,"Ventura, CA",Msa,CA,23261.0621,21070.0491,20760.6293,20177.7965,20284.0109,20550.841,19782.1115,18484.139,17233.1883,16324.5862,15841.6595,16927.9653,18256.8492,19033.8732,18672.0264,19105.6358,19779.6739,19957.3351,19954.0422,19981.731,20137.8721,20538.4711,23321.9454,28757.8332,31116.8363,28990.8533,24582.0503,23366.0892,26313.7048,28436.9655,35422.3327,35444.7419,34796.7399,30201.776,34728.4435,48322.5748,54941.0621,59173.02,57744.0373,55758.6372,51499.616
394318,67,"Allentown, PA",Msa,PA,8706.2381,9151.0169,9776.4494,10490.1514,10294.8424,10012.7737,9554.3446,9562.7797,9673.4668,9524.0693,9514.515,9315.329,9613.8214,9635.3659,9811.5036,9894.9167,10183.6487,9987.6414,9838.8644,9611.3196,9591.0694,9359.2584,8984.4693,9730.451,10564.0198,13310.6463,13036.5897,13177.4911,11114.8104,11415.1682,12097.6564,12716.5002,12391.298,11233.5376,11453.4821,13288.02,14841.7674,14812.0402,14284.5853,14269.1817,14337.791
394561,68,"El Paso, TX",Msa,TX,5291.5828,5138.369,5184.0001,5250.524,5361.9851,5197.3973,5215.29,5130.2133,5327.4959,5550.2113,5943.5811,5928.5189,6036.208,6061.985,6229.6576,6174.9735,6033.3539,6041.951,6163.596,6034.2576,5916.0343,5468.4136,5790.2831,5796.3596,6204.624,6363.8749,6349.1426,6355.0413,6286.2408,7043.8115,7684.8969,7810.0524,7422.0326,6995.995,7200.1465,7292.1931,7817.5989,9024.3667,9513.5923,10035.8472,9542.3618
394367,69,"Baton Rouge, LA",Msa,LA,8141.0731,8254.1617,8219.1164,7936.9533,7519.4317,7450.2501,7570.7828,7588.1974,7594.7324,7425.9831,7368.6621,7357.5054,7585.1877,7738.4896,7945.9802,7774.9231,7937.8342,7638.5862,7760.9995,7194.2529,7207.7998,7208.0377,7279.2894,6941.0869,7079.4602,7247.574,7586.6,7480.5551,7778.4213,7919.8239,7798.1179,7576.1365,7382.1954,7297.5492,7836.2112,9057.2187,9822.2255,10538.8977,10692.0054,11287.4411,11245.0939
394521,70,"Dayton, OH",Msa,OH,5848.4874,5983.8489,6283.0956,6347.0742,6579.3888,6337.5248,6014.4183,5624.5959,5313.3191,4782.024,4600.7024,4989.2307,5585.9261,6459.5221,6794.9874,7226.9389,7017.7795,7050.3971,6909.2277,6764.1789,6333.2553,5927.4101,5786.1557,6483.3057,6711.4568,6894.543,6492.9852,6959.3741,7293.4,7538.6168,7695.4863,7743.5036,7389.0338,7325.0837,7350.597,8055.2151,8134.7382,9129.4313,10172.1784,10655.6159,10367.7236
394843,71,"McAllen, TX",Msa,TX,8068.624,8005.1796,7892.7963,8228.6091,8131.4317,8125.4597,8221.728,8318.8078,8059.2565,7521.1912,7571.49,7611.3102,7903.096,8589.0769,8545.9451,8592.9883,8191.6824,8646.5759,9308.4383,9428.0773,9845.1218,9030.8708,8906.0232,9058.2593,9576.7566,9844.5998,9048.8356,8943.4623,8569.8099,8884.7124,9069.3883,9162.1187,9680.7315,9280.102,9414.1111,8431.3878,8692.7619,9278.419,10525.8866,10907.8332,11253.6815
394486,72,"Columbia, SC",Msa,SC,6957.7617,6939.4517,7108.4432,7503.5278,7588.7034,7519.4905,7474.5041,7333.642,7212.4466,6677.1285,6583.2247,6428.2139,6997.1371,7285.3209,7595.3525,7315.8331,7041.3191,6764.7221,6467.7889,6153.8491,6159.4557,6306.3799,6619.8845,7036.6558,7229.4295,6761.1888,6435.5007,6261.9609,6924.6016,7182.5507,7255.188,6813.8434,6855.6606,6820.4316,7857.0398,8075.7728,9775.1345,11544.276,12561.7344,12824.7251,12186.6069
394648,73,"Greensboro, NC",Msa,NC,8418.1003,8904.2936,8904.445,8427.6122,8350.3976,8228.4219,8420.8198,8697.1041,8419.009,8159.7515,7824.4301,7722.29,7838.7552,7929.6562,8235.3294,8382.109,8328.1193,8166.2875,8128.6744,7921.5789,7624.2391,6945.7777,6908.0805,7150.1052,8005.9109,7379.0488,7614.8226,7712.1379,8843.4842,8795.1153,8631.7939,8052.4425,7936.0226,7738.7708,7708.6773,7719.5686,7895.6294,10280.5727,11084.0366,12396.635,10008.7268
394304,74,"Akron, OH",Msa,OH,7704.7687,8133.5859,8707.6829,9237.2355,9420.7796,8963.5966,8550.2888,8249.9265,7620.5133,7104.5614,6626.5494,6970.1029,7389.6509,7832.0081,8506.8788,9178.2559,9435.3801,9350.3407,8892.4744,8866.1814,8145.879,7652.6343,7244.3519,7436.8896,7988.599,8068.7629,8774.837,9143.7441,9543.8192,9989.9551,9950.1702,10221.0826,9446.2898,9101.6574,8397.5374,8187.1436,8603.4112,9145.5679,10146.8269,10311.1467,10962.6292
753906,75,"North Port-Sarasota-Bradenton, FL",Msa,FL,13800.5033,13739.5805,13363.5037,12857.8435,12559.637,12051.7089,11787.7774,11522.8285,11633.397,12596.0551,13523.122,14401.4003,14100.536,14265.0587,13834.0504,13707.5101,12564.481,12252.3129,11362.3618,11299.3908,10938.9782,11578.4457,12333.8064,13973.0037,14081.8329,13194.223,11436.7134,11051.0794,11581.9413,12076.0948,12290.9083,12010.7852,12060.9817,12650.3286,13566.4343,16077.169,18585.3171,21977.577,24131.0461,26041.2821,25313.0292
394798,76,"Little Rock, AR",Msa,AR,7826.5348,7044.2537,7149.826,7475.0698,7330.8278,7175.0036,6991.6773,6938.3545,6697.8868,6612.0231,6630.6107,6996.407,7333.8763,7575.836,7621.2192,7540.6431,7471.8344,7423.1313,7396.7506,7118.0741,6842.6865,6946.6992,7313.1315,7961.121,8088.0411,7679.4347,7413.7913,7304.3046,7760.0619,7605.1402,7842.7742,7881.8922,8182.1042,8506.9594,9001.1609,9864.8651,10140.7397,11191.1486,11795.0898,12486.5954,12166.7025
395134,77,"Stockton, CA",Msa,CA,10073.7436,10361.7149,10498.9176,11255.043,11587.1174,11356.758,11234.8016,10950.7503,11102.9373,10231.5609,9929.2421,9586.0139,9942.8363,9892.452,10344.2972,10462.5449,10800.4548,10581.9814,10815.7523,10669.369,10455.1567,10600.1397,10855.7373,12155.7695,12056.8509,11357.682,9718.4758,9969.636,10884.7491,12844.9571,13745.7668,15432.637,16021.6022,18138.2323,18651.9959,18358.7484,17537.6697,20307.1677,24197.0114,27067.5321,26581.4901
394457,78,"Charleston, SC",Msa,SC,11899.7333,12138.5735,12614.8192,12285.8578,11213.7465,10753.6492,10196.4704,10748.0349,10807.5488,10284.2006,9954.0902,10079.9452,10595.1327,11296.3084,11944.7038,11783.0047,11099.169,10222.9345,10464.6289,10401.7723,10830.3492,10688.9204,10891.1274,11469.8363,12214.1872,11546.5738,10581.0146,9850.0204,10523.7382,11189.1187,11469.2489,12540.2961,13543.4325,14084.3945,14375.135,14631.6159,16831.2637,18768.3692,20789.1941,20309.6683,20140.1886
395143,79,"Syracuse, NY",Msa,NY,7274.8185,7684.4223,7599.0474,8360.1797,8509.1828,8577.4838,7877.0916,8315.3976,8071.818,8106.9118,7644.5613,6839.192,6757.9992,6820.2774,7811.7812,8248.83,8533.9986,8463.0632,8494.2204,8406.8716,8011.7961,8415.68,8005.7776,8384.4324,8006.627,10667.0477,10826.4525,11130.2818,9956.6207,10543.005,11788.6236,11356.3576,11817.0581,10759.9438,9988.9078,9558.4186,9425.4363,10879.4848,13561.1472,15047.4638,16166.404
394484,80,"Colorado Springs, CO",Msa,CO,10449.7302,12289.7273,13702.951,13897.8187,12558.7798,11695.4782,10721.9111,10814.1313,10434.4451,11040.02,10482.7623,10551.9052,10373.7291,10657.6131,12667.9302,12913.3434,13241.651,12368.4827,12340.0647,12543.8962,11420.9964,10495.0033,10844.4242,12051.3646,14567.8943,14642.7691,14611.0274,13632.0177,13451.3117,14230.384,14326.4965,14580.4011,13445.7538,13383.9006,13512.2929,17444.1892,18996.9528,19459.9007,21267.8158,26009.3631,30243.0728
395235,81,"Winston-Salem, NC",Msa,NC,9640.3425,9747.3857,9588.746,8990.7188,8776.5811,8403.0,8164.2852,8144.3291,9579.3655,9002.0954,9127.5574,7994.9943,8999.5497,9389.5149,9763.5238,10120.3714,9550.6604,9122.049,8500.9215,8356.7191,8315.525,8156.7601,8522.6022,9313.5607,9838.3732,9876.2572,9155.7818,9209.6354,9254.6202,9123.9531,8549.7521,8511.9598,8813.7074,9220.8901,9331.9471,9646.4525,13858.0036,19257.7186,19443.4757,16368.0782,12691.4724
395224,82,"Wichita, KS",Msa,KS,6507.9341,6808.5983,6883.9277,6774.6691,6894.5923,6961.213,6942.8488,6609.9776,6332.6735,6056.2479,6292.766,6832.0956,7219.6925,7407.3658,7538.2123,7885.3378,7955.3177,7799.1604,7625.112,7242.6412,6857.5837,6707.4905,6623.78,7023.382,7028.0032,7322.3389,7156.5185,7758.2817,8139.5793,8611.1392,8109.8911,7790.6428,7209.704,7204.1661,6907.7984,7163.9161,7692.5362,8960.9545,10180.6289,11024.5016,10894.9278
395115,83,"Springfield, MA",Msa,MA,8597.3791,9348.6672,9305.3971,9808.8827,9716.6491,9598.4494,8919.9349,8764.1901,8333.6603,8346.4146,8094.3152,8182.9105,8191.2615,8434.0677,8737.8345,9363.7202,9569.6423,9640.3058,9371.448,9102.8829,8751.7737,8174.8412,8211.0132,8665.3437,9466.4415,9343.575,9026.9429,8840.5886,9955.0513,11058.8652,11245.594,11096.8979,10147.3591,9731.0133,9538.5046,10435.0918,12259.139,13162.6618,15749.1191,16475.8021,17165.1547
394440,84,"Fort Myers, FL",Msa,FL,10438.7317,10496.8045,10241.4602,9859.5295,9194.9758,8796.2208,8471.5455,8572.5208,8694.9816,9406.0688,9843.186,10724.6143,10990.3454,11063.7246,10345.1367,9632.0737,9179.2236,8611.1626,8151.8302,7905.3044,8142.0158,8611.2479,9269.7993,10609.7263,11369.0821,10882.5999,9607.5228,8885.3284,8712.8563,8701.7597,8933.6542,9192.0721,10147.4451,10368.4093,11868.7139,13062.4745,15633.6379,17152.9453,18669.9793,18837.3509,18688.1699
394399,85,"Boise City, ID",Msa,ID,8419.5062,8854.5739,9078.7112,9312.9083,8855.5698,8793.1904,8118.7324,8130.6951,7816.6619,7813.7099,7575.0533,7128.5428,7082.1842,7446.3838,8720.2153,9187.1991,9414.0414,9093.9023,8977.8337,8731.9243,8027.6499,7428.4089,7202.6974,7584.6924,8252.0725,8435.6214,8480.3909,8936.4588,9645.0513,10941.2458,13018.8162,14471.2001,16133.6059,14184.2535,12664.1743,14201.5707,18136.277,23520.313,25781.8755,26043.4996,23582.9304
395160,86,"Toledo, OH",Msa,OH,6220.4048,6614.2531,7071.2869,7495.6202,7876.6665,7904.2865,7684.1665,7090.1166,6592.6997,6728.8333,6853.9817,7439.8932,7270.2544,7671.5059,7837.3471,8366.6514,8406.0669,8279.9001,7941.5885,7495.7265,7204.8276,6664.4789,6494.7312,6626.3588,7046.7884,7338.45,7335.4118,8189.8996,8617.4692,9094.63,8571.09,8482.7302,8151.6374,7647.3687,7250.5827,7044.9752,"","","",11130.8931,10912.084
394816,87,"Madison, WI",Msa,WI,11134.6708,11273.2361,11543.7144,12041.8374,11758.7042,11213.8713,10877.4132,10430.9126,10098.5253,10746.7487,10613.7144,11298.8996,10597.7194,11055.0359,11171.3471,11207.7413,11520.1843,11264.1659,10997.9222,10686.8752,9728.5824,10014.4357,11106.87,12987.7445,14055.229,13421.8569,12870.9808,12269.951,12577.3964,12838.4637,12576.434,12963.5888,12647.521,12966.1668,12829.3166,13464.8757,15776.2215,17612.1959,18762.5785,17683.7841,17247.5028
394766,88,"Lakeland, FL",Msa,FL,6721.1942,6774.3476,6848.5445,6684.147,6644.8825,6892.9707,6674.7979,6657.066,6433.7592,6800.7575,7052.6684,7231.2739,7077.3169,7040.251,7033.8871,7015.6966,6953.5281,6896.8261,6964.6445,6766.7259,6522.2075,6273.327,6203.0433,6544.063,6825.8074,6849.9909,6536.9904,6458.5028,6661.3458,6832.1024,6582.6857,6612.2572,6768.4278,6999.7357,7625.8672,7483.2971,8420.6689,8536.6396,9971.4108,11322.5785,12171.8788
394931,89,"Ogden, UT",Msa,UT,8399.972,9162.9937,9485.6555,9752.586,9949.6541,9701.883,8981.9552,8188.6874,8012.1201,7526.7965,7624.0257,7463.3857,7640.9522,7791.053,8009.4451,8683.2143,8639.6112,8924.0737,8503.2952,8513.4048,8050.1999,7944.5496,7776.0771,8714.2957,9185.3198,9470.0959,8988.8341,9253.0458,10192.0523,11924.037,12584.0667,11857.2408,10727.8475,10502.2486,12009.605,13126.5404,14917.2031,17899.1061,23008.5914,23766.9861,23255.6605
394528,90,"Daytona Beach, FL",Msa,FL,8407.661,9021.5379,9260.5183,9110.8931,8973.2131,8583.4661,8577.8904,8161.9833,8152.929,7946.3584,8155.8075,8242.0318,8458.223,8465.1437,8650.0411,8700.1849,8444.8545,8187.5694,7966.3955,7999.4518,8010.4111,7855.4841,7910.3539,8354.0339,8616.0895,8455.9359,7797.3572,7648.5713,7656.9417,7798.0121,8134.2985,8470.8031,8568.5155,8162.1787,8721.3233,9227.4287,10866.046,12479.9439,13485.6291,13434.2419,12339.8866
394531,91,"Des Moines, IA",Msa,IA,5896.954,5879.3445,6030.9358,6301.0454,6563.7368,6472.6999,6723.7377,6662.9659,6568.8608,6172.9994,6031.542,5866.2807,5845.1105,5810.8592,5827.0318,5827.2995,5611.0085,6001.3278,6072.952,6271.3199,5970.7435,5489.1853,5436.2959,5540.0964,5705.9146,5859.7638,5599.3584,5773.2753,5672.646,6067.6034,6249.7802,6331.7303,6262.0295,6156.4666,6119.6902,6127.2756,6707.5221,7723.6632,8425.4231,8592.4462,8465.5602
394711,92,"Jackson, MS",Msa,MS,7861.2393,7749.4429,7883.6248,8304.83,8150.6882,8104.6158,7654.7909,7561.4744,7111.3926,7670.536,8008.666,8354.2766,8266.145,8209.8223,8799.8432,8672.1386,8472.0188,7996.2811,8225.2403,8292.9405,8090.8752,7591.3185,8256.7038,9164.9361,9524.0049,8676.877,8051.4536,7858.7608,8172.1458,8233.8521,8364.4587,8201.9984,8165.2544,8121.0248,8943.0007,10359.2065,12017.9646,13575.3345,13667.3434,13958.5449,13361.356
394352,94,"Augusta, GA",Msa,GA,8789.5992,8372.2478,8237.7405,8174.316,8207.8797,8356.2819,8097.6253,8108.7695,7607.4308,8090.2892,8285.6126,8736.4334,9014.1022,9021.311,9050.9428,8448.0265,8022.0219,7548.6768,7773.8467,8182.394,8240.5572,7557.755,7191.4136,9036.6693,9612.9862,10010.9054,8745.2128,9156.7114,9066.2606,9257.8131,9024.2445,8668.7845,7902.8545,8485.6519,9460.8423,9847.7035,9871.7469,11109.6471,14219.9765,15721.6853,15123.9326
394666,96,"Harrisburg, PA",Msa,PA,7857.5878,7769.0191,7771.3821,8009.6722,8294.7979,8069.6079,8124.0051,8079.3869,8207.5353,7690.6286,7514.0616,7449.3276,8476.7562,8905.2045,9286.0938,9105.759,8667.2497,8667.1992,8371.8622,8283.2845,7974.4471,7541.5889,8680.0844,10467.2184,12343.9256,13637.2157,11819.1757,10556.8194,8618.4352,9358.8499,9043.5611,9536.8187,9117.5024,9265.7121,8436.9936,8107.5039,8308.6338,10037.1792,10629.8433,11662.3744,10783.4542
395006,100,"Provo, UT",Msa,UT,9739.4328,10070.2044,10341.2585,10551.0439,10152.4173,9771.6322,8938.1606,8342.8795,7875.9256,7701.9236,7752.8254,7359.6775,7113.7086,6943.41,7710.9632,8029.4345,8373.2028,8365.7432,8419.4846,8201.8321,7406.8954,7214.2231,7449.898,8417.0161,8787.7487,8599.4021,8360.3464,9496.0853,10535.7537,11183.048,10986.8655,11671.9205,11863.3819,12903.8269,12435.6302,16969.5304,21333.2425,25027.2316,25469.6362,23650.9039,23091.7152
394602,159,"Fort Collins, CO",Msa,CO,10293.5658,11437.7488,12427.1213,13096.26,13164.252,12807.3279,11982.7707,11100.5128,10682.8468,10163.5241,9810.1856,9184.4498,9549.3315,10472.0323,11076.2365,11259.0838,10378.8909,9685.3728,9237.0541,9160.2639,9314.5595,8777.925,8628.228,8636.5598,9692.3933,9636.1239,9364.1798,9040.5517,9471.0546,10094.7213,9861.1675,9879.5759,9892.1154,10146.5696,9836.7058,11059.7753,13859.8314,19040.766,21216.0315,22779.6334,22709.8893
