RegionID,SizeRank,RegionName,RegionType,StateName,2018-01-31,2018-02-28,2018-03-31,2018-04-30,2018-05-31,2018-06-30,2018-07-31,2018-08-31,2018-09-30,2018-10-31,2018-11-30,2018-12-31,2019-01-31,2019-02-28,2019-03-31,2019-04-30,2019-05-31,2019-06-30,2019-07-31,2019-08-31,2019-09-30,2019-10-31,2019-11-30,2019-12-31,2020-01-31,2020-02-29,2020-03-31,2020-04-30,2020-05-31,2020-06-30,2020-07-31,2020-08-31,2020-09-30,2020-10-31,2020-11-30,2020-12-31,2021-01-31,2021-02-28,2021-03-31,2021-04-30,2021-05-31,2021-06-30,2021-07-31
102001,0,United States,Country,"",1429548.0,1386945.0,1444213.0,1531525.0,1633549.0,1707460.0,1758878.0,1783644.0,1772641.0,1752262.0,1695354.0,1598398.0,1510325.0,1461831.0,1508545.0,1575154.0,1667694.0,1739557.0,1784358.0,1795002.0,1776024.0,1745775.0,1671857.0,1555223.0,1451218.0,1400934.0,1426519.0,1413925.0,1435385.0,1434289.0,1458427.0,1428011.0,1381966.0,1340505.0,1261766.0,1151870.0,1056970.0,975985.0,963250.0,944758.0,980323.0,1010959.0,1056089.0
394913,1,"New York, NY",Msa,NY,69002.0,68575.0,73106.0,80054.0,86084.0,90629.0,92735.0,92219.0,90955.0,90121.0,87826.0,82562.0,77293.0,75045.0,78713.0,84539.0,91376.0,96022.0,97581.0,96051.0,94258.0,92223.0,88685.0,81623.0,75165.0,72693.0,74891.0,72552.0,70795.0,70404.0,76536.0,80451.0,81812.0,80855.0,77454.0,70786.0,64090.0,59740.0,58953.0,59575.0,61751.0,64215.0,65741.0
753899,2,"Los Angeles-Long Beach-Anaheim, CA",Msa,CA,20093.0,19933.0,21895.0,23817.0,25784.0,27377.0,29077.0,30138.0,30674.0,30892.0,30368.0,28602.0,26972.0,26149.0,27457.0,28744.0,30422.0,31336.0,32028.0,31868.0,31328.0,30353.0,28311.0,25096.0,22324.0,21272.0,21815.0,21498.0,21919.0,22911.0,24956.0,25930.0,26313.0,26296.0,25225.0,22903.0,20642.0,19386.0,19867.0,20205.0,20661.0,20776.0,21364.0
394463,3,"Chicago, IL",Msa,IL,42817.0,41142.0,44774.0,49335.0,53882.0,56259.0,58156.0,59130.0,58951.0,58202.0,55474.0,50695.0,46025.0,44255.0,47266.0,52242.0,57141.0,60312.0,61669.0,62151.0,61826.0,60787.0,57552.0,52112.0,47358.0,45985.0,47814.0,47713.0,48080.0,48604.0,51115.0,51750.0,50860.0,49599.0,46397.0,41555.0,36949.0,33270.0,32855.0,33179.0,35627.0,37766.0,39810.0
394514,4,"Dallas-Fort Worth, TX",Msa,TX,24278.0,23199.0,24341.0,26749.0,29540.0,31958.0,33917.0,35088.0,35140.0,34277.0,33041.0,31077.0,29608.0,28933.0,30481.0,32436.0,34869.0,37281.0,39344.0,40398.0,39825.0,38691.0,36943.0,34537.0,32329.0,31427.0,32115.0,32244.0,33221.0,33798.0,34685.0,33505.0,31428.0,30186.0,28483.0,26442.0,24007.0,21803.0,21390.0,21147.0,22151.0,22874.0,23904.0
394974,5,"Philadelphia, PA",Msa,PA,26490.0,25050.0,26076.0,28356.0,30660.0,31825.0,31548.0,30703.0,29968.0,29843.0,29310.0,27797.0,26130.0,25034.0,26084.0,27851.0,29840.0,30950.0,31456.0,30935.0,30178.0,29198.0,27975.0,25777.0,23507.0,22391.0,22467.0,21287.0,20950.0,21105.0,22486.0,22619.0,21930.0,21408.0,20326.0,18559.0,16820.0,15464.0,15747.0,16372.0,17881.0,18918.0,19821.0
394692,6,"Houston, TX",Msa,TX,32972.0,32132.0,33747.0,35806.0,38632.0,40309.0,41618.0,42055.0,41323.0,40294.0,38746.0,37099.0,36086.0,35775.0,37353.0,38923.0,41012.0,43220.0,45055.0,46090.0,45249.0,43918.0,42049.0,40120.0,38839.0,38649.0,39741.0,39849.0,40536.0,40333.0,40336.0,38643.0,36697.0,35151.0,33124.0,30950.0,29345.0,27833.0,27633.0,26505.0,26594.0,26565.0,27434.0
395209,7,"Washington, DC",Msa,DC,22391.0,21105.0,22685.0,26056.0,29019.0,29200.0,27951.0,26430.0,26041.0,25876.0,24992.0,22671.0,19885.0,18217.0,19374.0,21749.0,24550.0,26048.0,26335.0,25490.0,24787.0,24304.0,23224.0,20660.0,18289.0,17313.0,18518.0,19009.0,19663.0,19335.0,19684.0,19353.0,19296.0,19288.0,18569.0,16707.0,14805.0,13592.0,14424.0,15845.0,17980.0,19273.0,20300.0
394856,8,"Miami-Fort Lauderdale, FL",Msa,FL,60782.0,62396.0,65469.0,66753.0,67221.0,65685.0,64275.0,63163.0,62603.0,63115.0,63785.0,64270.0,65744.0,67703.0,70570.0,71085.0,70699.0,69108.0,67561.0,65820.0,64258.0,63690.0,63343.0,62970.0,63234.0,63995.0,65011.0,62922.0,61681.0,60963.0,61562.0,60735.0,59618.0,59229.0,58238.0,56676.0,54936.0,51368.0,47385.0,42183.0,39380.0,37027.0,35539.0
394347,9,"Atlanta, GA",Msa,GA,29754.0,28635.0,29750.0,31134.0,32752.0,34258.0,35751.0,36824.0,36616.0,36135.0,35040.0,33425.0,32130.0,32886.0,34582.0,36259.0,37240.0,38911.0,40301.0,41100.0,41032.0,40760.0,39458.0,37396.0,35725.0,35079.0,36069.0,36382.0,37673.0,37846.0,37776.0,36217.0,34238.0,32818.0,30687.0,28292.0,26177.0,24199.0,23593.0,22426.0,22387.0,22425.0,22983.0
394404,10,"Boston, MA",Msa,MA,10522.0,9496.0,10075.0,11703.0,13999.0,15870.0,16754.0,16627.0,16755.0,17163.0,16902.0,15067.0,13035.0,11860.0,12641.0,14125.0,16413.0,17965.0,18341.0,17489.0,17078.0,17112.0,16494.0,14104.0,11615.0,10532.0,11203.0,11515.0,12394.0,13331.0,14603.0,14792.0,14654.0,14565.0,13695.0,11585.0,9482.0,8273.0,8800.0,9772.0,10855.0,11479.0,11448.0
395057,11,"San Francisco, CA",Msa,CA,4458.0,4277.0,5246.0,6322.0,7338.0,7889.0,8167.0,8166.0,8452.0,8897.0,8787.0,7634.0,6387.0,5986.0,6772.0,7811.0,8815.0,9343.0,9503.0,9173.0,9174.0,9203.0,8704.0,7105.0,5578.0,5209.0,5750.0,5971.0,6508.0,7298.0,8583.0,9181.0,9585.0,9981.0,9612.0,8345.0,6888.0,6430.0,7021.0,7690.0,8118.0,8357.0,8638.0
394532,12,"Detroit, MI",Msa,MI,15176.0,13997.0,14236.0,15182.0,16891.0,18492.0,19943.0,21202.0,21800.0,21979.0,21149.0,19641.0,18073.0,16830.0,16852.0,17404.0,18932.0,20592.0,22176.0,23342.0,23881.0,23876.0,22754.0,20802.0,18845.0,17577.0,17132.0,15658.0,16114.0,16788.0,18560.0,18507.0,17952.0,17348.0,15950.0,14157.0,12444.0,11136.0,10955.0,10997.0,11952.0,12975.0,14293.0
395025,13,"Riverside, CA",Msa,CA,17511.0,17621.0,18603.0,19467.0,20295.0,20938.0,21605.0,21933.0,22029.0,22091.0,21956.0,21276.0,20722.0,20296.0,20869.0,21218.0,21620.0,21671.0,21661.0,21631.0,21343.0,21083.0,20339.0,19136.0,18066.0,17443.0,17399.0,16687.0,16429.0,16005.0,15692.0,14836.0,14150.0,13960.0,13352.0,12273.0,11109.0,10333.0,10361.0,10356.0,10800.0,11205.0,11876.0
394976,14,"Phoenix, AZ",Msa,AZ,25668.0,25890.0,27492.0,28522.0,28933.0,28326.0,27106.0,26092.0,25369.0,25600.0,25801.0,25519.0,25892.0,26685.0,28779.0,29811.0,30263.0,29475.0,27915.0,26283.0,24868.0,24485.0,23925.0,22910.0,22146.0,22001.0,23125.0,23394.0,23682.0,23006.0,22263.0,21276.0,20941.0,21500.0,21371.0,20130.0,18385.0,17249.0,17172.0,17316.0,17588.0,17780.0,18072.0
395078,15,"Seattle, WA",Msa,WA,7732.0,6788.0,7388.0,8423.0,10375.0,12037.0,13497.0,14264.0,14859.0,15090.0,14398.0,12490.0,10763.0,9497.0,10069.0,10908.0,12958.0,14476.0,15496.0,15325.0,14676.0,13794.0,12197.0,9853.0,7941.0,7169.0,7872.0,8521.0,9481.0,10089.0,11041.0,11728.0,12086.0,12068.0,10876.0,9080.0,7478.0,6758.0,7412.0,8204.0,9268.0,9842.0,10298.0
394865,16,"Minneapolis-St Paul, MN",Msa,MN,10331.0,9547.0,10347.0,11749.0,13567.0,15108.0,16211.0,16721.0,16714.0,16445.0,15252.0,13256.0,11324.0,10226.0,10609.0,11837.0,13867.0,15912.0,17195.0,17643.0,17489.0,17202.0,16062.0,13982.0,11903.0,10969.0,11730.0,12555.0,13649.0,14110.0,14751.0,14813.0,14700.0,14488.0,13250.0,11276.0,9387.0,8496.0,8858.0,9631.0,10728.0,11748.0,12489.0
395056,17,"San Diego, CA",Msa,CA,6449.0,6399.0,7121.0,7903.0,8705.0,9260.0,9827.0,10272.0,10549.0,10610.0,10381.0,9750.0,9202.0,8861.0,9219.0,9554.0,10057.0,10378.0,10647.0,10667.0,10375.0,9943.0,9144.0,8123.0,7320.0,7014.0,7277.0,7256.0,7493.0,7610.0,7932.0,7876.0,7734.0,7606.0,7131.0,6385.0,5608.0,5232.0,5421.0,5616.0,5973.0,6290.0,6651.0
395121,18,"St. Louis, MO",Msa,MO,12933.0,12327.0,12808.0,13626.0,14628.0,15291.0,15757.0,15974.0,15810.0,15643.0,15012.0,13973.0,12686.0,11734.0,11961.0,12647.0,13664.0,14244.0,14526.0,14583.0,14532.0,14560.0,14202.0,13216.0,12055.0,11303.0,11548.0,11480.0,11606.0,11343.0,11518.0,11358.0,11248.0,11147.0,10645.0,9670.0,8739.0,7782.0,7588.0,7509.0,8036.0,8415.0,8826.0
395148,19,"Tampa, FL",Msa,FL,18211.0,18488.0,19638.0,20388.0,20944.0,20924.0,20538.0,20247.0,19906.0,19961.0,20033.0,19909.0,20271.0,20741.0,21702.0,21590.0,21360.0,21107.0,21047.0,20831.0,20290.0,20033.0,19698.0,19024.0,18740.0,18764.0,19390.0,18930.0,18821.0,18139.0,17678.0,16587.0,15711.0,15487.0,15034.0,14456.0,13708.0,12923.0,12453.0,11607.0,11362.0,11252.0,11520.0
394358,20,"Baltimore, MD",Msa,MD,12985.0,12298.0,12794.0,13982.0,15221.0,15625.0,15378.0,14945.0,14689.0,14561.0,14171.0,13353.0,12345.0,11591.0,12049.0,13078.0,14374.0,15138.0,15382.0,15187.0,14908.0,14686.0,14106.0,12885.0,11603.0,10902.0,11059.0,10898.0,10981.0,10721.0,10739.0,10325.0,10032.0,9851.0,9312.0,8320.0,7335.0,6636.0,6687.0,7056.0,7873.0,8451.0,8957.0
394530,21,"Denver, CO",Msa,CO,10673.0,10085.0,11210.0,12681.0,14476.0,16108.0,17102.0,17660.0,17720.0,17743.0,17015.0,15198.0,13690.0,12926.0,13850.0,15135.0,17203.0,19049.0,20144.0,20431.0,20097.0,19501.0,17703.0,14991.0,12772.0,11752.0,12675.0,13172.0,15034.0,16049.0,17216.0,16717.0,15796.0,14937.0,13154.0,10947.0,8846.0,7257.0,6804.0,6648.0,7367.0,8115.0,8772.0
394982,22,"Pittsburgh, PA",Msa,PA,10733.0,10185.0,10341.0,10774.0,11386.0,11903.0,12205.0,12280.0,11992.0,11729.0,11235.0,10523.0,9794.0,9303.0,9468.0,9801.0,10354.0,10748.0,10822.0,10742.0,10603.0,10605.0,10310.0,9621.0,8998.0,8618.0,8488.0,7824.0,7932.0,8302.0,9049.0,8972.0,8785.0,8483.0,7920.0,6937.0,6200.0,5573.0,5540.0,5593.0,6090.0,6458.0,6914.0
394998,23,"Portland, OR",Msa,OR,7668.0,7007.0,7310.0,8088.0,9352.0,10598.0,11529.0,12129.0,12338.0,12210.0,11563.0,10400.0,9428.0,8778.0,9087.0,9654.0,10850.0,11842.0,12592.0,12790.0,12641.0,12139.0,11157.0,9703.0,8577.0,7978.0,8426.0,8779.0,9532.0,9828.0,10274.0,10233.0,9875.0,9474.0,8514.0,7382.0,6340.0,5755.0,6005.0,6295.0,7005.0,7473.0,7960.0
394458,24,"Charlotte, NC",Msa,NC,8950.0,8781.0,9656.0,10455.0,11271.0,11607.0,11987.0,12163.0,11903.0,11656.0,11141.0,10443.0,9908.0,9735.0,10685.0,11357.0,12267.0,12706.0,13294.0,13412.0,13274.0,13104.0,12486.0,11426.0,10536.0,10137.0,10616.0,10587.0,10965.0,10622.0,10399.0,9746.0,9326.0,9149.0,8652.0,7895.0,7305.0,6922.0,7016.0,6854.0,7027.0,7243.0,7598.0
395045,25,"Sacramento, CA",Msa,CA,5745.0,5400.0,5832.0,6506.0,7445.0,8209.0,8778.0,9161.0,9285.0,9311.0,8820.0,7937.0,7064.0,6485.0,6588.0,7021.0,7825.0,8581.0,9099.0,9357.0,9320.0,9034.0,8257.0,7134.0,6242.0,5900.0,6193.0,6396.0,6828.0,7151.0,7379.0,7158.0,6844.0,6715.0,6244.0,5449.0,4497.0,3996.0,4151.0,4541.0,5008.0,"",""
395055,26,"San Antonio, TX",Msa,TX,11386.0,11251.0,11935.0,12776.0,13489.0,13948.0,14305.0,14549.0,14333.0,13949.0,13480.0,13036.0,12781.0,12692.0,13391.0,14145.0,14986.0,15790.0,16535.0,16990.0,16827.0,16503.0,15967.0,15371.0,14841.0,14745.0,15089.0,15126.0,15407.0,15418.0,15403.0,14793.0,14010.0,13516.0,12718.0,11808.0,10875.0,9784.0,9212.0,8501.0,8582.0,8471.0,8610.0
394943,27,"Orlando, FL",Msa,FL,12229.0,12240.0,12840.0,13285.0,13751.0,13914.0,13945.0,14024.0,14077.0,14192.0,14081.0,13769.0,13681.0,13806.0,14391.0,14567.0,14731.0,14897.0,15059.0,14989.0,14576.0,14376.0,14089.0,13601.0,13179.0,13057.0,13330.0,13084.0,13240.0,13338.0,13666.0,13471.0,13130.0,13044.0,12632.0,12071.0,11562.0,10991.0,10733.0,9875.0,9548.0,9188.0,9362.0
394466,28,"Cincinnati, OH",Msa,OH,8047.0,7662.0,7873.0,8281.0,8992.0,9500.0,10020.0,10247.0,10326.0,10257.0,9907.0,9231.0,8535.0,8025.0,8151.0,8458.0,8962.0,9419.0,9693.0,9817.0,9760.0,9615.0,9170.0,8347.0,7668.0,7193.0,7243.0,7123.0,7333.0,7416.0,7569.0,7456.0,7275.0,7121.0,6705.0,6103.0,5580.0,5045.0,4984.0,4867.0,5226.0,5472.0,5890.0
394475,29,"Cleveland, OH",Msa,OH,12002.0,11365.0,11696.0,12426.0,13428.0,14164.0,14715.0,14904.0,14774.0,14385.0,13736.0,12721.0,11668.0,11052.0,11371.0,12115.0,13142.0,13941.0,14525.0,14718.0,14599.0,14295.0,13570.0,12505.0,11277.0,10434.0,10293.0,10022.0,10026.0,9954.0,10324.0,10523.0,10489.0,10235.0,9577.0,8545.0,7666.0,6316.0,5548.0,4881.0,5273.0,5733.0,6372.0
394735,30,"Kansas City, MO",Msa,MO,9266.0,8815.0,9210.0,10016.0,11147.0,12172.0,12657.0,12812.0,12425.0,11806.0,10873.0,9706.0,9047.0,8589.0,8828.0,9338.0,10019.0,10446.0,10642.0,10712.0,10661.0,10538.0,10086.0,9232.0,8323.0,7771.0,7849.0,7831.0,8036.0,8001.0,8054.0,7785.0,7520.0,7453.0,7086.0,6505.0,5808.0,5178.0,5143.0,5340.0,5963.0,6438.0,6902.0
394775,31,"Las Vegas, NV",Msa,NV,12002.0,11828.0,12370.0,12948.0,12181.0,11176.0,11250.0,11708.0,12367.0,11986.0,12316.0,12155.0,12313.0,12624.0,13528.0,14034.0,14663.0,14995.0,15239.0,15185.0,14876.0,14510.0,13774.0,12747.0,11874.0,11255.0,11228.0,11098.0,11509.0,11791.0,12071.0,12052.0,12018.0,12061.0,11593.0,10771.0,9675.0,8727.0,8087.0,7642.0,7598.0,7750.0,8184.0
394492,32,"Columbus, OH",Msa,OH,5311.0,4899.0,5074.0,5484.0,6243.0,6872.0,7412.0,7703.0,7698.0,7624.0,7205.0,6547.0,5854.0,5341.0,5462.0,5698.0,6340.0,6854.0,7313.0,7514.0,7533.0,7495.0,7120.0,6461.0,5808.0,5332.0,5354.0,5309.0,5509.0,5573.0,5740.0,5726.0,5657.0,5700.0,5436.0,4943.0,4345.0,3917.0,3924.0,4031.0,4487.0,4893.0,5361.0
394705,33,"Indianapolis, IN",Msa,IN,7266.0,6813.0,7154.0,7546.0,7864.0,8040.0,8317.0,8745.0,8839.0,8921.0,8652.0,8085.0,7405.0,6885.0,6988.0,7266.0,7865.0,8414.0,8907.0,9246.0,9378.0,9413.0,9051.0,8351.0,7659.0,7177.0,7148.0,6935.0,7025.0,6956.0,7027.0,6877.0,6863.0,7026.0,6886.0,6341.0,5698.0,5106.0,5069.0,5124.0,5564.0,5899.0,6247.0
395059,34,"San Jose, CA",Msa,CA,1301.0,1315.0,1682.0,2087.0,2506.0,2743.0,2950.0,3026.0,3166.0,3275.0,3181.0,2745.0,2314.0,2206.0,2525.0,2943.0,3373.0,3654.0,3781.0,3672.0,3547.0,3396.0,3037.0,2429.0,1896.0,1793.0,2008.0,2159.0,2404.0,2659.0,2994.0,3100.0,3184.0,3287.0,3149.0,2764.0,2359.0,2276.0,2595.0,2897.0,3120.0,3167.0,3173.0
394355,35,"Austin, TX",Msa,TX,7137.0,6799.0,7321.0,8219.0,9237.0,9954.0,10332.0,10404.0,10112.0,9783.0,9328.0,8788.0,8238.0,7896.0,8217.0,8750.0,9416.0,10089.0,10565.0,10811.0,10630.0,10313.0,9710.0,8799.0,8126.0,7810.0,8186.0,8456.0,9122.0,9366.0,9533.0,9048.0,8521.0,8339.0,7912.0,7342.0,6412.0,5771.0,6040.0,6670.0,7743.0,8349.0,8956.0
395194,36,"Virginia Beach, VA",Msa,VA,11855.0,11474.0,11788.0,12470.0,13258.0,13782.0,13957.0,13860.0,13377.0,12998.0,12489.0,11870.0,11343.0,11061.0,11448.0,12008.0,12703.0,13103.0,13197.0,13002.0,12588.0,12085.0,11407.0,10604.0,9943.0,9678.0,10005.0,10156.0,10308.0,10081.0,9914.0,9532.0,9168.0,8868.0,8489.0,7880.0,7252.0,6626.0,6540.0,6823.0,7430.0,7834.0,8101.0
394902,37,"Nashville, TN",Msa,TN,8695.0,8394.0,8780.0,9465.0,10306.0,11042.0,11574.0,11973.0,12069.0,12148.0,11978.0,11513.0,11063.0,10740.0,11006.0,11455.0,12176.0,12840.0,13432.0,13606.0,13585.0,13510.0,13170.0,12449.0,11598.0,11173.0,11336.0,11463.0,11990.0,12354.0,12694.0,12436.0,11851.0,11310.0,10572.0,9667.0,"","","","","","",""
395005,38,"Providence, RI",Msa,RI,5983.0,5457.0,5435.0,5895.0,6628.0,7389.0,7930.0,8228.0,8331.0,8375.0,8081.0,7429.0,6633.0,6111.0,6118.0,6472.0,7088.0,7594.0,7815.0,7814.0,7798.0,7790.0,7453.0,6783.0,6074.0,5638.0,5593.0,5463.0,5542.0,5588.0,5819.0,5811.0,5713.0,5573.0,5268.0,4720.0,4144.0,3440.0,3166.0,2970.0,3233.0,3425.0,3664.0
394862,39,"Milwaukee, WI",Msa,WI,4139.0,3827.0,3978.0,4396.0,5003.0,5352.0,5546.0,5497.0,5441.0,5361.0,5100.0,4672.0,4141.0,3769.0,3738.0,3845.0,4159.0,4453.0,4710.0,4799.0,4789.0,4718.0,4437.0,4000.0,3490.0,3281.0,3403.0,3604.0,3804.0,3974.0,4254.0,4506.0,4639.0,4677.0,4443.0,3937.0,3311.0,2844.0,2809.0,3068.0,3621.0,4373.0,5059.0
394714,40,"Jacksonville, FL",Msa,FL,9771.0,10019.0,10823.0,11610.0,12149.0,12441.0,12682.0,12787.0,12651.0,12423.0,12130.0,11643.0,11423.0,11475.0,12162.0,12892.0,13364.0,13645.0,13516.0,13329.0,12880.0,12652.0,12297.0,11886.0,11496.0,11559.0,12025.0,12043.0,12039.0,11607.0,11271.0,10572.0,9848.0,9325.0,8752.0,8212.0,7668.0,7016.0,6650.0,6332.0,6409.0,6486.0,6664.0
394849,41,"Memphis, TN",Msa,TN,5730.0,5564.0,5675.0,5895.0,6217.0,6514.0,6798.0,6962.0,6922.0,6781.0,6511.0,6284.0,6093.0,6029.0,6170.0,6244.0,6329.0,6327.0,6388.0,6412.0,6344.0,6252.0,6029.0,5707.0,5418.0,5200.0,5180.0,5080.0,5114.0,4977.0,4871.0,4628.0,4447.0,4266.0,4048.0,3729.0,3432.0,3190.0,3262.0,3398.0,3710.0,3958.0,4228.0
394935,42,"Oklahoma City, OK",Msa,OK,8419.0,8161.0,8346.0,8559.0,8959.0,9170.0,9297.0,9249.0,9032.0,8736.0,8430.0,8000.0,7592.0,7189.0,7174.0,7381.0,7668.0,7997.0,8200.0,8408.0,8279.0,8040.0,7634.0,7188.0,6864.0,6659.0,6744.0,6705.0,6941.0,6963.0,6979.0,6699.0,6410.0,6158.0,5718.0,5191.0,4726.0,4253.0,4217.0,4075.0,4253.0,4346.0,4713.0
394807,43,"Louisville-Jefferson County, KY",Msa,KY,4491.0,4303.0,4489.0,4727.0,5044.0,5389.0,5760.0,5984.0,6016.0,6033.0,5936.0,5635.0,5294.0,4993.0,5085.0,5218.0,5510.0,5727.0,5929.0,6032.0,6084.0,6104.0,5939.0,5471.0,5049.0,4746.0,4729.0,4577.0,4598.0,4526.0,4513.0,4343.0,4250.0,4267.0,4178.0,3931.0,3626.0,3296.0,3254.0,3205.0,3413.0,3563.0,3850.0
394669,44,"Hartford, CT",Msa,CT,5883.0,5270.0,5165.0,5588.0,6255.0,6901.0,7055.0,7107.0,6942.0,6875.0,6621.0,6064.0,5439.0,5046.0,5157.0,5533.0,6115.0,6526.0,6745.0,6743.0,6690.0,6581.0,6249.0,5670.0,5099.0,4756.0,4773.0,4632.0,4662.0,4667.0,4859.0,4820.0,4793.0,4772.0,4553.0,4033.0,3448.0,2966.0,2865.0,2947.0,3257.0,3489.0,3635.0
395022,45,"Richmond, VA",Msa,VA,4955.0,4785.0,5070.0,5547.0,5969.0,6229.0,6298.0,6295.0,6168.0,6091.0,5842.0,5398.0,4951.0,4678.0,4847.0,5108.0,5536.0,5823.0,6005.0,5989.0,5940.0,5954.0,5777.0,5369.0,4960.0,4775.0,4960.0,5037.0,5125.0,4997.0,4876.0,4658.0,4534.0,4500.0,4337.0,3968.0,3564.0,3282.0,3371.0,3532.0,3883.0,4090.0,4267.0
394910,46,"New Orleans, LA",Msa,LA,3833.0,3813.0,4031.0,4231.0,4435.0,4510.0,4553.0,4493.0,4333.0,4213.0,4081.0,3933.0,3830.0,3805.0,3954.0,4088.0,4265.0,4499.0,4623.0,4727.0,4607.0,4476.0,4208.0,3921.0,3731.0,3608.0,3684.0,3634.0,3740.0,3647.0,3593.0,"","","",2772.0,2640.0,2551.0,2454.0,2451.0,2398.0,2429.0,2440.0,2564.0
394425,47,"Buffalo, NY",Msa,NY,2811.0,2535.0,2545.0,2675.0,2987.0,3250.0,3546.0,3710.0,3783.0,3719.0,3481.0,3128.0,2787.0,2551.0,2580.0,2691.0,2978.0,3272.0,3516.0,3646.0,3663.0,3618.0,3414.0,3039.0,2694.0,2457.0,2402.0,2205.0,2210.0,2377.0,2701.0,2888.0,2841.0,2722.0,2439.0,2075.0,1755.0,1533.0,1567.0,1648.0,1873.0,2067.0,2278.0
395012,48,"Raleigh, NC",Msa,NC,6347.0,6223.0,6665.0,7171.0,7719.0,8057.0,8085.0,7978.0,7652.0,7616.0,7378.0,7068.0,6806.0,6718.0,7091.0,7408.0,7929.0,8519.0,8836.0,8991.0,8818.0,8825.0,8577.0,8121.0,7790.0,7619.0,7908.0,7896.0,8044.0,7750.0,7532.0,7079.0,6684.0,6359.0,5755.0,5055.0,4343.0,3836.0,3644.0,3499.0,3448.0,3288.0,3192.0
394388,49,"Birmingham, AL",Msa,AL,6219.0,6145.0,6389.0,6694.0,6967.0,7193.0,7252.0,7266.0,7139.0,7000.0,6710.0,6276.0,5928.0,5722.0,5910.0,6116.0,6372.0,6606.0,6785.0,6904.0,6823.0,6626.0,6291.0,5835.0,5553.0,5409.0,5558.0,5515.0,5583.0,5527.0,5535.0,5406.0,5288.0,5206.0,5017.0,4676.0,4428.0,4197.0,4098.0,3961.0,3873.0,3860.0,3907.0
395053,50,"Salt Lake City, UT",Msa,UT,2588.0,2555.0,2797.0,3181.0,3703.0,4140.0,4448.0,4694.0,4874.0,5052.0,4973.0,4624.0,4249.0,3935.0,4099.0,4361.0,4814.0,5138.0,5276.0,5313.0,5207.0,5075.0,4676.0,4084.0,3554.0,3214.0,3385.0,3643.0,4073.0,4199.0,4165.0,3956.0,3723.0,3559.0,3171.0,2690.0,2242.0,1959.0,2079.0,2257.0,2559.0,2686.0,2808.0
395031,51,"Rochester, NY",Msa,NY,3074.0,2838.0,2918.0,3202.0,3576.0,3894.0,4087.0,4199.0,4185.0,4096.0,3852.0,3452.0,3054.0,2790.0,2816.0,2992.0,3302.0,3607.0,3814.0,3863.0,3836.0,3759.0,3562.0,3190.0,2809.0,2594.0,2584.0,2481.0,2541.0,2700.0,2982.0,3120.0,3074.0,2999.0,2714.0,2273.0,1895.0,1637.0,1679.0,1786.0,2017.0,2243.0,2414.0
394640,52,"Grand Rapids, MI",Msa,MI,3289.0,2922.0,2951.0,3156.0,3554.0,3918.0,4267.0,4532.0,4620.0,4584.0,4338.0,3963.0,3589.0,3294.0,3287.0,3434.0,3809.0,4232.0,4561.0,4734.0,4777.0,4769.0,4530.0,4090.0,3611.0,3300.0,3268.0,3085.0,3333.0,3507.0,3860.0,3777.0,3558.0,3488.0,3210.0,2917.0,2483.0,2238.0,2214.0,2218.0,2365.0,2492.0,2672.0
395167,53,"Tucson, AZ",Msa,AZ,4954.0,4977.0,5185.0,5189.0,5191.0,5041.0,4840.0,4681.0,4528.0,4549.0,4637.0,4682.0,4826.0,4894.0,5163.0,5273.0,5285.0,5162.0,4940.0,4760.0,4596.0,4562.0,4540.0,4429.0,4394.0,4392.0,4555.0,4459.0,4382.0,4131.0,3920.0,3693.0,3651.0,3770.0,3768.0,3555.0,3324.0,3082.0,2992.0,2834.0,2899.0,2924.0,3013.0
753924,54,"Urban Honolulu, HI",Msa,HI,3650.0,3610.0,3845.0,4083.0,4307.0,4381.0,4470.0,4503.0,4461.0,4376.0,4332.0,4270.0,4270.0,4306.0,4494.0,4664.0,4835.0,4932.0,5041.0,5106.0,5121.0,5059.0,4912.0,4717.0,4503.0,4402.0,4456.0,4423.0,4383.0,4316.0,4420.0,4486.0,4463.0,4395.0,4297.0,4170.0,"","","","","","",""
395169,55,"Tulsa, OK",Msa,OK,5768.0,5644.0,5766.0,5916.0,6107.0,6302.0,6474.0,6610.0,6549.0,6387.0,6055.0,5655.0,5351.0,5172.0,5212.0,5301.0,5391.0,5491.0,5528.0,5549.0,5433.0,5266.0,5000.0,4700.0,4474.0,4385.0,4519.0,4496.0,4535.0,4451.0,4403.0,4297.0,4123.0,4082.0,3894.0,3628.0,3351.0,3030.0,2968.0,2873.0,3008.0,3106.0,3296.0
394619,56,"Fresno, CA",Msa,CA,1919.0,1882.0,2005.0,2149.0,2318.0,2429.0,2524.0,2601.0,2642.0,2667.0,2591.0,2453.0,2323.0,2264.0,2357.0,2449.0,2583.0,2683.0,2742.0,2772.0,2754.0,2728.0,2617.0,2416.0,2240.0,2127.0,2148.0,2105.0,2084.0,1984.0,1922.0,1835.0,1786.0,1752.0,1663.0,1509.0,1355.0,1259.0,1305.0,1377.0,1506.0,1623.0,1712.0
395238,57,"Worcester, MA",Msa,MA,2916.0,2637.0,2671.0,2954.0,3378.0,3762.0,3959.0,4057.0,4095.0,4182.0,4045.0,3653.0,3175.0,2839.0,2835.0,3019.0,3418.0,3775.0,3942.0,3921.0,3884.0,3864.0,3684.0,3236.0,2798.0,2530.0,2575.0,2558.0,2674.0,2743.0,2799.0,2718.0,2588.0,2566.0,2395.0,2097.0,1761.0,1519.0,1539.0,1678.0,1902.0,2062.0,2132.0
394415,58,"Stamford, CT",Msa,CT,5725.0,5325.0,5475.0,6369.0,7168.0,7752.0,7573.0,7384.0,7183.0,7044.0,6799.0,6207.0,5622.0,5392.0,5758.0,6356.0,7084.0,7539.0,7709.0,7467.0,7263.0,7090.0,6791.0,6128.0,5462.0,5232.0,5452.0,5479.0,5620.0,5800.0,6243.0,6261.0,6114.0,5857.0,5438.0,4755.0,4071.0,3526.0,3406.0,3480.0,3846.0,4078.0,4213.0
394312,59,"Albuquerque, NM",Msa,NM,3820.0,3634.0,3710.0,3891.0,4156.0,4387.0,4532.0,4622.0,4581.0,4495.0,4272.0,3960.0,3635.0,3401.0,3416.0,3560.0,3750.0,3968.0,4106.0,4190.0,4120.0,4054.0,3882.0,3582.0,3261.0,3045.0,3077.0,3057.0,3137.0,3083.0,3086.0,2984.0,2916.0,2887.0,2756.0,2561.0,2314.0,2184.0,2155.0,2156.0,2223.0,2295.0,2435.0
394308,60,"Albany, NY",Msa,NY,2674.0,2468.0,2482.0,2591.0,2822.0,3011.0,3190.0,3236.0,3254.0,3231.0,3146.0,2937.0,2706.0,2521.0,2509.0,2571.0,2772.0,2959.0,3097.0,3143.0,3160.0,3133.0,2988.0,2703.0,2428.0,2241.0,2192.0,2073.0,2078.0,2143.0,2292.0,2349.0,2338.0,2326.0,2200.0,1978.0,1757.0,1533.0,1445.0,1389.0,1476.0,1586.0,1695.0
394938,61,"Omaha, NE",Msa,NE,3037.0,2909.0,3066.0,3292.0,3597.0,3854.0,4059.0,4189.0,4218.0,4177.0,4048.0,3724.0,3405.0,3127.0,3112.0,3257.0,3572.0,3873.0,4017.0,4093.0,4133.0,4172.0,4007.0,3649.0,3305.0,3135.0,3314.0,3440.0,3657.0,3635.0,3613.0,3428.0,3272.0,3147.0,2924.0,2593.0,2265.0,2008.0,2008.0,2176.0,2445.0,2668.0,2765.0
394908,62,"New Haven, CT",Msa,CT,4079.0,3671.0,3609.0,3912.0,4313.0,4580.0,4588.0,4587.0,4542.0,4481.0,4273.0,3932.0,3579.0,3369.0,3470.0,3727.0,4096.0,4337.0,4440.0,4395.0,4288.0,4158.0,3889.0,3496.0,3134.0,2968.0,3040.0,2997.0,3023.0,3027.0,3152.0,3177.0,3184.0,3167.0,3019.0,2673.0,2321.0,2004.0,1954.0,1964.0,2168.0,2319.0,2494.0
394357,63,"Bakersfield, CA",Msa,CA,2511.0,2554.0,2755.0,2965.0,3135.0,3298.0,3412.0,3535.0,3557.0,3525.0,3366.0,3128.0,2976.0,2887.0,2991.0,3063.0,3197.0,3321.0,3430.0,3493.0,3457.0,3406.0,3275.0,3066.0,2865.0,2753.0,2804.0,2800.0,2865.0,2831.0,2838.0,2781.0,2755.0,2685.0,2477.0,2209.0,1992.0,1860.0,1846.0,1845.0,1892.0,1922.0,1994.0
394753,64,"Knoxville, TN",Msa,TN,4490.0,4336.0,4406.0,4575.0,4796.0,4933.0,5072.0,5189.0,5214.0,5150.0,4964.0,4673.0,4397.0,4228.0,4328.0,4467.0,4654.0,4772.0,4792.0,4802.0,4745.0,4754.0,4672.0,4444.0,4189.0,3949.0,3935.0,3866.0,3905.0,3843.0,3735.0,3520.0,3350.0,3352.0,3306.0,3127.0,2870.0,2617.0,2514.0,2397.0,2450.0,2540.0,2761.0
394653,65,"Greenville, SC",Msa,SC,5641.0,5476.0,5724.0,5911.0,6140.0,6180.0,6204.0,6215.0,6151.0,6063.0,5867.0,5582.0,5376.0,5241.0,5503.0,5696.0,6078.0,6391.0,6754.0,6994.0,7011.0,6887.0,6566.0,6146.0,5876.0,5754.0,5850.0,5864.0,5925.0,5815.0,5697.0,5458.0,5222.0,5083.0,4820.0,4583.0,"","","","","","",""
394952,66,"Ventura, CA",Msa,CA,1610.0,1566.0,1703.0,1880.0,2114.0,2306.0,2477.0,2592.0,2638.0,2631.0,2505.0,2299.0,2132.0,2047.0,2149.0,2272.0,2466.0,2598.0,2708.0,2692.0,2589.0,2425.0,2254.0,2007.0,1836.0,1760.0,1844.0,1852.0,1923.0,1992.0,2095.0,2045.0,1947.0,1830.0,1683.0,1476.0,1297.0,1228.0,1299.0,1361.0,1441.0,1477.0,1553.0
394318,67,"Allentown, PA",Msa,PA,3805.0,3579.0,3615.0,3804.0,4110.0,4415.0,4608.0,4674.0,4651.0,4633.0,4501.0,4193.0,3864.0,3637.0,3680.0,3824.0,4055.0,4237.0,4324.0,4341.0,4274.0,4173.0,3938.0,3599.0,3271.0,3050.0,2977.0,2694.0,2645.0,2755.0,3040.0,3080.0,2987.0,2943.0,2808.0,2543.0,2228.0,1956.0,1905.0,1989.0,2255.0,2445.0,2590.0
394561,68,"El Paso, TX",Msa,TX,4543.0,4574.0,4631.0,4638.0,4563.0,4431.0,4355.0,4273.0,4190.0,4126.0,4073.0,3959.0,3851.0,3771.0,3810.0,3824.0,3809.0,3871.0,3933.0,4009.0,3953.0,3922.0,3859.0,3778.0,3700.0,3749.0,3833.0,3822.0,3733.0,3598.0,3435.0,3283.0,3127.0,3065.0,2756.0,2494.0,2250.0,2210.0,2193.0,2111.0,2071.0,2008.0,2022.0
394367,69,"Baton Rouge, LA",Msa,LA,4129.0,4193.0,4442.0,4691.0,4964.0,5207.0,5391.0,5462.0,5356.0,5276.0,5173.0,5030.0,4922.0,4897.0,5097.0,5282.0,5444.0,5564.0,5642.0,5726.0,5671.0,5575.0,5379.0,5156.0,5028.0,4994.0,5117.0,5070.0,5071.0,4946.0,4862.0,4638.0,4379.0,4157.0,3909.0,3695.0,3548.0,3392.0,3360.0,3170.0,3086.0,2931.0,2886.0
394521,70,"Dayton, OH",Msa,OH,2884.0,2754.0,2822.0,2980.0,3152.0,3300.0,3418.0,3520.0,3583.0,3631.0,3546.0,3305.0,2982.0,2728.0,2681.0,2683.0,2759.0,2842.0,2948.0,3010.0,2983.0,2950.0,2827.0,2599.0,2382.0,2221.0,2241.0,2198.0,2219.0,2185.0,2218.0,2233.0,2268.0,2312.0,2242.0,2061.0,1831.0,1645.0,1629.0,1675.0,1791.0,1895.0,2040.0
394843,71,"McAllen, TX",Msa,TX,2166.0,2173.0,2237.0,2268.0,2314.0,2297.0,2285.0,2306.0,2332.0,2399.0,2405.0,2394.0,2434.0,2504.0,2607.0,2602.0,2588.0,2568.0,2571.0,2564.0,2544.0,2535.0,2508.0,2454.0,2428.0,2444.0,2499.0,2463.0,2417.0,2285.0,2150.0,1962.0,"","","",1690.0,1718.0,1672.0,1636.0,1592.0,1600.0,1579.0,1526.0
394486,72,"Columbia, SC",Msa,SC,5149.0,4942.0,4993.0,5151.0,5322.0,5366.0,5369.0,5372.0,5177.0,5000.0,4786.0,4572.0,4390.0,4229.0,4321.0,4362.0,4542.0,4811.0,5172.0,5410.0,5380.0,5202.0,4946.0,4698.0,4610.0,4539.0,4630.0,4505.0,4495.0,4259.0,4067.0,"","","","",2965.0,2780.0,2724.0,2728.0,2655.0,2639.0,2604.0,2712.0
394648,73,"Greensboro, NC",Msa,NC,2842.0,2761.0,2836.0,3005.0,3253.0,3344.0,3387.0,3136.0,2913.0,2688.0,2596.0,2477.0,2383.0,2309.0,2403.0,2459.0,2580.0,2651.0,2754.0,2805.0,2804.0,2747.0,2647.0,2475.0,2329.0,2225.0,2265.0,2250.0,2310.0,2274.0,2249.0,2127.0,2066.0,2038.0,1949.0,1788.0,1611.0,1423.0,1270.0,996.0,813.0,651.0,659.0
394304,74,"Akron, OH",Msa,OH,4028.0,3782.0,3876.0,4127.0,4453.0,4674.0,4814.0,4875.0,4813.0,4669.0,4399.0,3991.0,3577.0,3290.0,3347.0,3554.0,3926.0,4240.0,4491.0,4558.0,4541.0,4461.0,4272.0,3958.0,3598.0,3332.0,3303.0,3212.0,3220.0,3184.0,3312.0,3366.0,3326.0,3205.0,2982.0,2641.0,2349.0,1883.0,1639.0,1431.0,1577.0,1746.0,1983.0
753906,75,"North Port-Sarasota-Bradenton, FL",Msa,FL,9269.0,9858.0,10595.0,10814.0,10588.0,10052.0,9396.0,8931.0,8558.0,8564.0,8840.0,9196.0,9887.0,10472.0,11173.0,11109.0,10737.0,10188.0,9662.0,9248.0,8782.0,8641.0,8737.0,8877.0,9339.0,9788.0,10176.0,9786.0,9336.0,8827.0,8487.0,7994.0,7544.0,7351.0,7042.0,6683.0,6408.0,6021.0,5676.0,4965.0,4527.0,4138.0,3915.0
394798,76,"Little Rock, AR",Msa,AR,4915.0,4776.0,4927.0,5172.0,5527.0,5779.0,5890.0,5951.0,5919.0,5863.0,5702.0,5424.0,5192.0,5080.0,5234.0,5425.0,5391.0,5260.0,5048.0,4987.0,5033.0,5073.0,5039.0,4796.0,4567.0,4491.0,4604.0,4648.0,4710.0,4675.0,4714.0,4659.0,4492.0,4314.0,3914.0,3465.0,3014.0,2765.0,2728.0,2694.0,2800.0,2874.0,3051.0
395134,77,"Stockton, CA",Msa,CA,1324.0,1262.0,1340.0,1442.0,1599.0,1714.0,1827.0,1948.0,2043.0,2099.0,2039.0,1884.0,1727.0,1615.0,1654.0,1743.0,1866.0,2006.0,2121.0,2200.0,2222.0,2205.0,2109.0,1908.0,1687.0,1553.0,1548.0,1533.0,1564.0,1555.0,1546.0,1465.0,1403.0,1379.0,1281.0,1120.0,965.0,909.0,979.0,1067.0,1167.0,"",""
394457,78,"Charleston, SC",Msa,SC,5862.0,5868.0,6259.0,6661.0,7021.0,7150.0,7113.0,6976.0,6684.0,6680.0,6603.0,6494.0,6339.0,6346.0,6743.0,7049.0,7354.0,7569.0,7676.0,7690.0,7421.0,7311.0,7024.0,6741.0,6491.0,6451.0,6635.0,6594.0,6708.0,6651.0,6568.0,6199.0,5828.0,5712.0,5456.0,5097.0,4596.0,4148.0,3902.0,3629.0,3518.0,3425.0,3468.0
395143,79,"Syracuse, NY",Msa,NY,2594.0,2407.0,2418.0,2572.0,2799.0,3021.0,3225.0,3371.0,3383.0,3267.0,3037.0,2743.0,2454.0,2262.0,2263.0,2378.0,2562.0,2718.0,2845.0,2923.0,2923.0,2858.0,2642.0,2340.0,2041.0,1859.0,1798.0,1682.0,1677.0,1751.0,1899.0,1967.0,1957.0,1908.0,1738.0,1499.0,1320.0,1179.0,1166.0,1189.0,1351.0,1512.0,1636.0
394484,80,"Colorado Springs, CO",Msa,CO,1899.0,1846.0,2052.0,2381.0,2882.0,3341.0,3731.0,3908.0,3935.0,3790.0,3539.0,3162.0,2819.0,2565.0,2607.0,2798.0,3184.0,3596.0,3896.0,4051.0,3980.0,3827.0,3468.0,3050.0,2708.0,2550.0,2739.0,2865.0,3251.0,3543.0,3901.0,3939.0,3783.0,3601.0,3239.0,2808.0,2411.0,2069.0,1971.0,1951.0,2210.0,2397.0,2614.0
395235,81,"Winston-Salem, NC",Msa,NC,2554.0,2484.0,2639.0,2883.0,3190.0,3275.0,3348.0,3135.0,2962.0,2743.0,2633.0,2452.0,2275.0,2176.0,2312.0,2458.0,2615.0,2653.0,2683.0,2676.0,2680.0,2658.0,2584.0,2409.0,2294.0,2226.0,2351.0,2341.0,2349.0,2219.0,2154.0,2060.0,1991.0,1970.0,1879.0,1732.0,1540.0,1353.0,1223.0,995.0,807.0,635.0,607.0
395224,82,"Wichita, KS",Msa,KS,2686.0,2552.0,2572.0,2638.0,2777.0,2924.0,3009.0,3072.0,3031.0,3037.0,2984.0,2870.0,2732.0,2605.0,2626.0,2690.0,2766.0,2812.0,2771.0,2752.0,2678.0,2641.0,2512.0,2348.0,2220.0,2166.0,2212.0,2208.0,2238.0,2185.0,2164.0,2111.0,2122.0,2130.0,2095.0,1958.0,1804.0,1572.0,1494.0,1468.0,1604.0,1709.0,1820.0
395115,83,"Springfield, MA",Msa,MA,1794.0,1652.0,1675.0,1804.0,2009.0,2205.0,2337.0,2385.0,2380.0,2380.0,2285.0,2090.0,1862.0,1715.0,1731.0,1815.0,1989.0,2111.0,2187.0,2189.0,2179.0,2161.0,2061.0,1838.0,1610.0,1491.0,1521.0,1504.0,1532.0,1536.0,1578.0,1559.0,1546.0,1562.0,1493.0,1336.0,1161.0,1030.0,1006.0,1026.0,1126.0,1202.0,1260.0
394440,84,"Fort Myers, FL",Msa,FL,14882.0,15848.0,16990.0,17138.0,16828.0,15825.0,14907.0,14206.0,13779.0,13879.0,14409.0,15173.0,16401.0,17472.0,18441.0,18485.0,17905.0,17035.0,15960.0,15069.0,14289.0,14091.0,14238.0,14456.0,14985.0,15376.0,15698.0,14999.0,14360.0,13542.0,12936.0,12208.0,11604.0,11281.0,10764.0,10185.0,9586.0,8988.0,7693.0,6202.0,4962.0,4594.0,4442.0
394399,85,"Boise City, ID",Msa,ID,3480.0,3168.0,3213.0,3543.0,3818.0,4021.0,4103.0,4325.0,4458.0,4499.0,4339.0,4002.0,3691.0,3453.0,3518.0,3768.0,4103.0,4367.0,4484.0,4535.0,4528.0,4515.0,4361.0,4038.0,3687.0,3491.0,3586.0,3688.0,3948.0,3994.0,3887.0,"","","","",2261.0,1940.0,1772.0,1877.0,2025.0,2322.0,2603.0,2955.0
395160,86,"Toledo, OH",Msa,OH,2427.0,2324.0,2358.0,2425.0,2528.0,2610.0,2714.0,2820.0,2855.0,2825.0,2675.0,2459.0,2253.0,2086.0,2099.0,2168.0,2296.0,2380.0,2412.0,2451.0,2448.0,2464.0,2405.0,2277.0,2125.0,2026.0,2013.0,1953.0,1954.0,1936.0,1943.0,1895.0,1858.0,1860.0,1780.0,1634.0,1468.0,1332.0,1291.0,1297.0,1389.0,1489.0,1615.0
394816,87,"Madison, WI",Msa,WI,2309.0,2160.0,2341.0,2734.0,3164.0,3467.0,3586.0,3582.0,3479.0,3347.0,3120.0,2764.0,2434.0,2273.0,2411.0,2696.0,3098.0,3409.0,3557.0,3537.0,3462.0,3391.0,3184.0,2847.0,2497.0,2363.0,2536.0,2727.0,2918.0,2969.0,3078.0,3094.0,3051.0,2988.0,2823.0,2524.0,2142.0,1887.0,1913.0,2081.0,2325.0,2502.0,2652.0
394766,88,"Lakeland, FL",Msa,FL,4169.0,4219.0,4404.0,4509.0,4574.0,4544.0,4506.0,4536.0,4617.0,4703.0,4743.0,4699.0,4871.0,5083.0,5424.0,5431.0,5339.0,5319.0,5348.0,5448.0,5433.0,5484.0,5437.0,5272.0,5201.0,5220.0,5324.0,5164.0,5082.0,4918.0,4860.0,4629.0,4449.0,4308.0,4120.0,3872.0,3619.0,3356.0,3136.0,2792.0,2592.0,2461.0,2494.0
394931,89,"Ogden, UT",Msa,UT,1649.0,1574.0,1666.0,1820.0,2098.0,2297.0,2425.0,2555.0,2656.0,2753.0,2663.0,2445.0,2240.0,2128.0,2221.0,2334.0,2545.0,2733.0,2868.0,2937.0,2976.0,2991.0,2838.0,2527.0,2206.0,1991.0,2080.0,2194.0,2383.0,2346.0,2261.0,2069.0,1888.0,1825.0,1668.0,1503.0,1295.0,1155.0,1197.0,1232.0,1401.0,1500.0,1607.0
394528,90,"Daytona Beach, FL",Msa,FL,5552.0,5658.0,5928.0,6153.0,6332.0,6400.0,6376.0,6366.0,6296.0,6291.0,6288.0,6258.0,6370.0,6509.0,6809.0,6821.0,6773.0,6692.0,6685.0,6654.0,6537.0,6477.0,6422.0,6288.0,6310.0,6378.0,6603.0,6483.0,6465.0,6238.0,6008.0,5545.0,5171.0,4958.0,4734.0,4533.0,4389.0,4269.0,4103.0,3871.0,3814.0,3885.0,3989.0
394531,91,"Des Moines, IA",Msa,IA,3720.0,3690.0,4054.0,4239.0,4458.0,4460.0,4578.0,4650.0,4662.0,4678.0,4548.0,4289.0,4052.0,3870.0,3933.0,4092.0,4362.0,4540.0,4645.0,4741.0,4821.0,4848.0,4745.0,4501.0,4245.0,4093.0,4203.0,4290.0,4456.0,4379.0,4297.0,4048.0,3855.0,3781.0,3642.0,3435.0,3155.0,2957.0,2987.0,3071.0,3213.0,3238.0,3241.0
394711,92,"Jackson, MS",Msa,MS,2815.0,2821.0,2967.0,3136.0,3348.0,3436.0,3450.0,3358.0,3233.0,3145.0,3035.0,2883.0,2738.0,2682.0,2811.0,2920.0,3018.0,3054.0,3070.0,3040.0,2975.0,2921.0,2868.0,2779.0,2691.0,2628.0,2664.0,2643.0,2639.0,2533.0,2457.0,2311.0,2177.0,2073.0,1929.0,1764.0,1592.0,1458.0,1441.0,1432.0,1465.0,1473.0,1530.0
394352,94,"Augusta, GA",Msa,GA,3783.0,3692.0,3763.0,3847.0,3954.0,3984.0,3991.0,3964.0,3904.0,3832.0,3731.0,3607.0,3536.0,3518.0,3619.0,3671.0,3764.0,3876.0,4002.0,4061.0,4058.0,4000.0,3827.0,3597.0,3454.0,3459.0,3510.0,3394.0,3251.0,3006.0,2917.0,2756.0,2657.0,2515.0,2343.0,2181.0,2063.0,2020.0,2017.0,1960.0,1985.0,2020.0,2142.0
394666,96,"Harrisburg, PA",Msa,PA,2468.0,2260.0,2293.0,2408.0,2563.0,2655.0,2693.0,2708.0,2664.0,2612.0,2478.0,2293.0,2085.0,1940.0,1956.0,2064.0,2251.0,2400.0,2477.0,2495.0,2484.0,2475.0,2401.0,2241.0,2069.0,1924.0,1844.0,1658.0,1646.0,1708.0,1860.0,1840.0,1711.0,1673.0,1580.0,1463.0,1316.0,1214.0,1226.0,1246.0,1306.0,1386.0,1451.0
395006,100,"Provo, UT",Msa,UT,1869.0,1749.0,1820.0,2062.0,2543.0,2979.0,3272.0,3399.0,3412.0,3490.0,3524.0,3464.0,3329.0,3204.0,3337.0,3549.0,3885.0,4137.0,4276.0,4358.0,4270.0,4190.0,3931.0,3594.0,3268.0,3039.0,3151.0,3327.0,3678.0,3727.0,3565.0,3169.0,2828.0,2596.0,2250.0,1882.0,1532.0,1313.0,1338.0,1414.0,1647.0,1825.0,2003.0
394602,159,"Fort Collins, CO",Msa,CO,2315.0,2144.0,2274.0,2531.0,2883.0,3141.0,3378.0,3494.0,3498.0,3532.0,3473.0,3268.0,2920.0,2660.0,2719.0,2971.0,3377.0,3493.0,3497.0,3355.0,3349.0,3239.0,3006.0,2674.0,2456.0,2324.0,2385.0,2394.0,2655.0,2880.0,3084.0,3008.0,2940.0,2793.0,2533.0,2162.0,1880.0,1802.0,1880.0,2007.0,2146.0,2233.0,2270.0
